name,bus,peak_load,annual_consumption,sector
Load_mvgd_40_lvgd_2765000000_1,BranchTee_mvgd_40_lvgd_2765000000_200,0.006007902402750815,0,ALL
Load_mvgd_40_lvgd_2765000000_2,BranchTee_mvgd_40_lvgd_2765000000_201,0.008916991987240686,0,ALL
Load_mvgd_40_lvgd_2765000000_3,BranchTee_mvgd_40_lvgd_2765000000_202,0.008916991987240686,0,ALL
Load_mvgd_40_lvgd_2765000000_4,BranchTee_mvgd_40_lvgd_2765000000_203,0.011610666650052975,0,ALL
Load_mvgd_40_lvgd_2765000000_5,BranchTee_mvgd_40_lvgd_2765000000_204,0.008400064915516587,0,ALL
Load_mvgd_40_lvgd_2765000000_6,BranchTee_mvgd_40_lvgd_2765000000_205,0.008400064915516587,0,ALL
Load_mvgd_40_lvgd_2765000000_7,BranchTee_mvgd_40_lvgd_2765000000_206,0.005623328280241874,0,ALL
Load_mvgd_40_lvgd_2765000000_8,BranchTee_mvgd_40_lvgd_2765000000_207,0.005623328280241874,0,ALL
Load_mvgd_40_lvgd_2765000000_9,BranchTee_mvgd_40_lvgd_2765000000_208,0.00619235554669492,0,ALL
Load_mvgd_40_lvgd_2765000000_10,BranchTee_mvgd_40_lvgd_2765000000_209,0.00619235554669492,0,ALL
Load_mvgd_40_lvgd_2765000000_11,BranchTee_mvgd_40_lvgd_2765000000_210,0.007107747236206343,0,ALL
Load_mvgd_40_lvgd_2765000000_12,BranchTee_mvgd_40_lvgd_2765000000_211,0.007107747236206343,0,ALL
Load_mvgd_40_lvgd_2765000000_13,BranchTee_mvgd_40_lvgd_2765000000_212,0.00619235554669492,0,ALL
Load_mvgd_40_lvgd_2765000000_14,BranchTee_mvgd_40_lvgd_2765000000_213,0.007107747236206343,0,ALL
Load_mvgd_40_lvgd_2765000000_15,BranchTee_mvgd_40_lvgd_2765000000_214,0.007107747236206343,0,ALL
Load_mvgd_40_lvgd_2765000000_16,BranchTee_mvgd_40_lvgd_2765000000_215,0.00619235554669492,0,ALL
Load_mvgd_40_lvgd_2765000000_17,BranchTee_mvgd_40_lvgd_2765000000_216,0.00619235554669492,0,ALL
Load_mvgd_40_lvgd_2765000000_18,BranchTee_mvgd_40_lvgd_2765000000_217,0.00619235554669492,0,ALL
Load_mvgd_40_lvgd_2765000000_19,BranchTee_mvgd_40_lvgd_2765000000_218,0.00619235554669492,0,ALL
Load_mvgd_40_lvgd_2765000000_20,BranchTee_mvgd_40_lvgd_2765000000_219,0.006972133652575021,0,ALL
Load_mvgd_40_lvgd_2765000000_21,BranchTee_mvgd_40_lvgd_2765000000_220,0.006918355852169497,0,ALL
Load_mvgd_40_lvgd_2765000000_22,BranchTee_mvgd_40_lvgd_2765000000_221,0.006918355852169497,0,ALL
Load_mvgd_40_lvgd_2765000000_23,BranchTee_mvgd_40_lvgd_2765000000_222,0.007093061808032364,0,ALL
Load_mvgd_40_lvgd_2765000000_24,BranchTee_mvgd_40_lvgd_2765000000_223,0.007093061808032364,0,ALL
Load_mvgd_40_lvgd_2765000000_25,BranchTee_mvgd_40_lvgd_2765000000_224,0.006918355852169497,0,ALL
Load_mvgd_40_lvgd_2765000000_26,BranchTee_mvgd_40_lvgd_2765000000_225,0.005944661324827123,0,ALL
Load_mvgd_40_lvgd_2765000000_27,BranchTee_mvgd_40_lvgd_2765000000_226,0.006755296960030821,0,ALL
Load_mvgd_40_lvgd_2765000000_28,BranchTee_mvgd_40_lvgd_2765000000_227,0.006755296960030821,0,ALL
Load_mvgd_40_lvgd_2765000000_29,BranchTee_mvgd_40_lvgd_2765000000_228,0.006755296960030821,0,ALL
Load_mvgd_40_lvgd_2765000000_30,BranchTee_mvgd_40_lvgd_2765000000_229,0.006859224605569758,0,ALL
Load_mvgd_40_lvgd_2765000000_31,BranchTee_mvgd_40_lvgd_2765000000_230,0.006859224605569758,0,ALL
Load_mvgd_40_lvgd_2765000000_32,BranchTee_mvgd_40_lvgd_2765000000_231,0.008149938913069444,0,ALL
Load_mvgd_40_lvgd_2765000000_33,BranchTee_mvgd_40_lvgd_2765000000_232,0.008149938913069444,0,ALL
Load_mvgd_40_lvgd_2765000000_34,BranchTee_mvgd_40_lvgd_2765000000_233,0.008149938913069444,0,ALL
Load_mvgd_40_lvgd_2765000000_35,BranchTee_mvgd_40_lvgd_2765000000_234,0.006097022609084986,0,ALL
Load_mvgd_40_lvgd_2765000000_36,BranchTee_mvgd_40_lvgd_2765000000_235,0.006097022609084986,0,ALL
Load_mvgd_40_lvgd_2765000000_37,BranchTee_mvgd_40_lvgd_2765000000_236,0.006363529395744365,0,ALL
Load_mvgd_40_lvgd_2765000000_38,BranchTee_mvgd_40_lvgd_2765000000_237,0.006069118615450729,0,ALL
Load_mvgd_40_lvgd_2765000000_39,BranchTee_mvgd_40_lvgd_2765000000_238,0.006097022609084986,0,ALL
Load_mvgd_40_lvgd_2765000000_40,BranchTee_mvgd_40_lvgd_2765000000_239,0.006097022609084986,0,ALL
Load_mvgd_40_lvgd_2765000000_41,BranchTee_mvgd_40_lvgd_2765000000_240,0.0064556709978546905,0,ALL
Load_mvgd_40_lvgd_2765000000_42,BranchTee_mvgd_40_lvgd_2765000000_241,0.0064556709978546905,0,ALL
Load_mvgd_40_lvgd_2765000000_43,BranchTee_mvgd_40_lvgd_2765000000_242,0.006859150435220608,0,ALL
Load_mvgd_40_lvgd_2765000000_44,BranchTee_mvgd_40_lvgd_2765000000_243,0.006859150435220608,0,ALL
Load_mvgd_40_lvgd_2765000000_45,BranchTee_mvgd_40_lvgd_2765000000_244,0.006859150435220608,0,ALL
Load_mvgd_40_lvgd_2765000000_46,BranchTee_mvgd_40_lvgd_2765000000_245,0.006859150435220608,0,ALL
Load_mvgd_40_lvgd_2765000000_47,BranchTee_mvgd_40_lvgd_2765000000_246,0.006859150435220608,0,ALL
Load_mvgd_40_lvgd_2765000000_48,BranchTee_mvgd_40_lvgd_2765000000_247,0.006859150435220608,0,ALL
Load_mvgd_40_lvgd_2765000000_49,BranchTee_mvgd_40_lvgd_2765000000_248,0.008664190023436559,0,ALL
Load_mvgd_40_lvgd_2765000000_50,BranchTee_mvgd_40_lvgd_2765000000_249,0.006859150435220608,0,ALL
Load_mvgd_40_lvgd_2765000000_51,BranchTee_mvgd_40_lvgd_2765000000_250,0.006859150435220608,0,ALL
Load_mvgd_40_lvgd_2765000000_52,BranchTee_mvgd_40_lvgd_2765000000_251,0.00918929244909938,0,ALL
Load_mvgd_40_lvgd_2765000000_53,BranchTee_mvgd_40_lvgd_2765000000_252,0.007220158352863799,0,ALL
Load_mvgd_40_lvgd_2765000000_54,BranchTee_mvgd_40_lvgd_2765000000_253,0.007361730085272892,0,ALL
Load_mvgd_40_lvgd_2765000000_55,BranchTee_mvgd_40_lvgd_2765000000_254,0.008664190023436559,0,ALL
Load_mvgd_40_lvgd_2765000000_56,BranchTee_mvgd_40_lvgd_2765000000_255,0.008516084211070123,0,ALL
Load_mvgd_40_lvgd_2765000000_57,BranchTee_mvgd_40_lvgd_2765000000_256,0.008850516690607237,0,ALL
Load_mvgd_40_lvgd_2765000000_58,BranchTee_mvgd_40_lvgd_2765000000_257,0.008850516690607237,0,ALL
Load_mvgd_40_lvgd_2765000000_59,BranchTee_mvgd_40_lvgd_2765000000_258,0.008516084211070123,0,ALL
Load_mvgd_40_lvgd_2765000000_60,BranchTee_mvgd_40_lvgd_2765000000_259,0.007220158352863799,0,ALL
Load_mvgd_40_lvgd_2765000000_61,BranchTee_mvgd_40_lvgd_2765000000_260,0.008664190023436559,0,ALL
Load_mvgd_40_lvgd_2765000000_62,BranchTee_mvgd_40_lvgd_2765000000_261,0.008664190023436559,0,ALL
Load_mvgd_40_lvgd_2765000000_63,BranchTee_mvgd_40_lvgd_2765000000_262,0.00694245995467673,0,ALL
Load_mvgd_40_lvgd_2765000000_64,BranchTee_mvgd_40_lvgd_2765000000_263,0.00459464622454969,0,ALL
Load_mvgd_40_lvgd_2765000000_65,BranchTee_mvgd_40_lvgd_2765000000_264,0.00459464622454969,0,ALL
Load_mvgd_40_lvgd_2765000000_66,BranchTee_mvgd_40_lvgd_2765000000_265,0.00459464622454969,0,ALL
Load_mvgd_40_lvgd_2765000000_67,BranchTee_mvgd_40_lvgd_2765000000_266,0.004011199084924333,0,ALL
Load_mvgd_40_lvgd_2765000000_68,BranchTee_mvgd_40_lvgd_2765000000_267,0.004011199084924333,0,ALL
Load_mvgd_40_lvgd_2765000000_69,BranchTee_mvgd_40_lvgd_2765000000_268,0.005708962418543469,0,ALL
Load_mvgd_40_lvgd_2765000000_70,BranchTee_mvgd_40_lvgd_2765000000_269,0.0056729815629644135,0,ALL
Load_mvgd_40_lvgd_2765000000_71,BranchTee_mvgd_40_lvgd_2765000000_270,0.006460141684141294,0,ALL
Load_mvgd_40_lvgd_2765000000_72,BranchTee_mvgd_40_lvgd_2765000000_271,0.005779531843581926,0,ALL
Load_mvgd_40_lvgd_2765000000_73,BranchTee_mvgd_40_lvgd_2765000000_272,0.005815429556896099,0,ALL
Load_mvgd_40_lvgd_2765000000_74,BranchTee_mvgd_40_lvgd_2765000000_273,0.005492350137068538,0,ALL
Load_mvgd_40_lvgd_2765000000_75,BranchTee_mvgd_40_lvgd_2765000000_274,0.007093061808032364,0,ALL
Load_mvgd_40_lvgd_2765000000_76,BranchTee_mvgd_40_lvgd_2765000000_275,0.007093061808032364,0,ALL
Load_mvgd_40_lvgd_2765000000_77,BranchTee_mvgd_40_lvgd_2765000000_276,0.00786793410638884,0,ALL
Load_mvgd_40_lvgd_2765000000_78,BranchTee_mvgd_40_lvgd_2765000000_277,0.003281890160392636,0,ALL
Load_mvgd_40_lvgd_2765000000_79,BranchTee_mvgd_40_lvgd_2765000000_278,0.0053201166810575365,0,ALL
Load_mvgd_40_lvgd_2765000000_80,BranchTee_mvgd_40_lvgd_2765000000_279,0.003281890160392636,0,ALL
Load_mvgd_40_lvgd_2765000000_81,BranchTee_mvgd_40_lvgd_2765000000_280,0.003281890160392636,0,ALL
Load_mvgd_40_lvgd_2765000000_82,BranchTee_mvgd_40_lvgd_2765000000_281,0.0048134389019092,0,ALL
Load_mvgd_40_lvgd_2765000000_83,BranchTee_mvgd_40_lvgd_2765000000_282,0.0048134389019092,0,ALL
Load_mvgd_40_lvgd_2765000000_84,BranchTee_mvgd_40_lvgd_2765000000_283,0.004560100012335031,0,ALL
Load_mvgd_40_lvgd_2765000000_85,BranchTee_mvgd_40_lvgd_2765000000_284,0.006317638558755824,0,ALL
Load_mvgd_40_lvgd_2765000000_86,BranchTee_mvgd_40_lvgd_2765000000_285,0.006317638558755824,0,ALL
Load_mvgd_40_lvgd_2765000000_87,BranchTee_mvgd_40_lvgd_2765000000_286,0.006317638558755824,0,ALL
Load_mvgd_40_lvgd_2765000000_88,BranchTee_mvgd_40_lvgd_2765000000_287,0.006235591304746008,0,ALL
Load_mvgd_40_lvgd_2765000000_89,BranchTee_mvgd_40_lvgd_2765000000_288,0.006601287636904044,0,ALL
Load_mvgd_40_lvgd_2765000000_90,BranchTee_mvgd_40_lvgd_2765000000_289,0.005415118764647849,0,ALL
Load_mvgd_40_lvgd_2765000000_91,BranchTee_mvgd_40_lvgd_2765000000_290,0.004963858867593862,0,ALL
Load_mvgd_40_lvgd_2765000000_92,BranchTee_mvgd_40_lvgd_2765000000_291,0.006840150018502546,0,ALL
Load_mvgd_40_lvgd_2765000000_93,BranchTee_mvgd_40_lvgd_2765000000_292,0.004963858867593862,0,ALL
Load_mvgd_40_lvgd_2765000000_94,BranchTee_mvgd_40_lvgd_2765000000_293,0.004963858867593862,0,ALL
Load_mvgd_40_lvgd_2765000000_95,BranchTee_mvgd_40_lvgd_2765000000_294,0.005826794460205873,0,ALL
Load_mvgd_40_lvgd_2765000000_96,BranchTee_mvgd_40_lvgd_2765000000_295,0.006931352018749247,0,ALL
Load_mvgd_40_lvgd_2765000000_97,BranchTee_mvgd_40_lvgd_2765000000_296,0.006931352018749247,0,ALL
Load_mvgd_40_lvgd_2765000000_98,BranchTee_mvgd_40_lvgd_2765000000_297,0.006738814462672879,0,ALL
Load_mvgd_40_lvgd_2765000000_99,BranchTee_mvgd_40_lvgd_2765000000_298,0.006317638558755824,0,ALL
Load_mvgd_40_lvgd_2765000000_100,BranchTee_mvgd_40_lvgd_2765000000_299,0.006317638558755824,0,ALL
Load_mvgd_40_lvgd_2765000000_101,BranchTee_mvgd_40_lvgd_2765000000_300,0.006738814462672879,0,ALL
Load_mvgd_40_lvgd_2765000000_102,BranchTee_mvgd_40_lvgd_2765000000_301,0.007220158352863799,0,ALL
Load_mvgd_40_lvgd_2765000000_103,BranchTee_mvgd_40_lvgd_2765000000_302,0.007220158352863799,0,ALL
Load_mvgd_40_lvgd_2765000000_104,BranchTee_mvgd_40_lvgd_2765000000_303,0.007220158352863799,0,ALL
Load_mvgd_40_lvgd_2765000000_105,BranchTee_mvgd_40_lvgd_2765000000_304,0.007220158352863799,0,ALL
Load_mvgd_40_lvgd_2765000000_106,BranchTee_mvgd_40_lvgd_2765000000_305,0.007220158352863799,0,ALL
Load_mvgd_40_lvgd_2765000000_107,BranchTee_mvgd_40_lvgd_2765000000_306,0.007220158352863799,0,ALL
Load_mvgd_40_lvgd_2765000000_108,BranchTee_mvgd_40_lvgd_2765000000_307,0.007220158352863799,0,ALL
Load_mvgd_40_lvgd_2765000000_109,BranchTee_mvgd_40_lvgd_2765000000_308,0.007220158352863799,0,ALL
Load_mvgd_40_lvgd_2765000000_110,BranchTee_mvgd_40_lvgd_2765000000_309,0.007220158352863799,0,ALL
Load_mvgd_40_lvgd_2765000000_111,BranchTee_mvgd_40_lvgd_2765000000_310,0.007220158352863799,0,ALL
Load_mvgd_40_lvgd_2765000000_112,BranchTee_mvgd_40_lvgd_2765000000_311,0.006819038444371366,0,ALL
Load_mvgd_40_lvgd_2765000000_113,BranchTee_mvgd_40_lvgd_2765000000_312,0.007220158352863799,0,ALL
Load_mvgd_40_lvgd_2765000000_114,BranchTee_mvgd_40_lvgd_2765000000_313,0.007220158352863799,0,ALL
Load_mvgd_40_lvgd_2765000000_115,BranchTee_mvgd_40_lvgd_2765000000_314,0.007220158352863799,0,ALL
Load_mvgd_40_lvgd_2765000000_116,BranchTee_mvgd_40_lvgd_2765000000_315,0.00694900237212992,0,ALL
Load_mvgd_40_lvgd_2765000000_117,BranchTee_mvgd_40_lvgd_2765000000_316,0.005188275419732136,0,ALL
Load_mvgd_40_lvgd_2765000000_118,BranchTee_mvgd_40_lvgd_2765000000_317,0.01031020460647537,0,ALL
Load_mvgd_40_lvgd_2765000000_119,BranchTee_mvgd_40_lvgd_2765000000_318,0.006351822480775005,0,ALL
Load_mvgd_40_lvgd_2765000000_120,BranchTee_mvgd_40_lvgd_2765000000_319,0.008537951085269382,0,ALL
Load_mvgd_40_lvgd_2765000000_121,BranchTee_mvgd_40_lvgd_2765000000_320,0.01031020460647537,0,ALL
Load_mvgd_40_lvgd_2765000000_122,BranchTee_mvgd_40_lvgd_2765000000_321,0.007034440925885616,0,ALL
Load_mvgd_40_lvgd_2765000000_123,BranchTee_mvgd_40_lvgd_2765000000_322,0.003952245099148891,0,ALL
Load_mvgd_40_lvgd_2765000000_124,BranchTee_mvgd_40_lvgd_2765000000_323,0.007008907564993109,0,ALL
Load_mvgd_40_lvgd_2765000000_125,BranchTee_mvgd_40_lvgd_2765000000_324,0.006374588869594988,0,ALL
Load_mvgd_40_lvgd_2765000000_126,BranchTee_mvgd_40_lvgd_2765000000_325,0.0050517418560549745,0,ALL
Load_mvgd_40_lvgd_2765000000_127,BranchTee_mvgd_40_lvgd_2765000000_326,0.007339883755562228,0,ALL
Load_mvgd_40_lvgd_2765000000_128,BranchTee_mvgd_40_lvgd_2765000000_327,0.00564606442735556,0,ALL
Load_mvgd_40_lvgd_2765000000_129,BranchTee_mvgd_40_lvgd_2765000000_328,0.005188275419732136,0,ALL
Load_mvgd_40_lvgd_2765000000_130,BranchTee_mvgd_40_lvgd_2765000000_329,0.00694900237212992,0,ALL
Load_mvgd_40_lvgd_2765000000_131,BranchTee_mvgd_40_lvgd_2765000000_330,0.0060493547435952425,0,ALL
Load_mvgd_40_lvgd_2765000000_132,BranchTee_mvgd_40_lvgd_2765000000_331,0.01031020460647537,0,ALL
Load_mvgd_40_lvgd_2765000000_133,BranchTee_mvgd_40_lvgd_2765000000_332,0.007447999882894568,0,ALL
Load_mvgd_40_lvgd_2765000000_134,BranchTee_mvgd_40_lvgd_2765000000_333,0.007410459560904172,0,ALL
Load_mvgd_40_lvgd_2765000000_135,BranchTee_mvgd_40_lvgd_2765000000_334,0.010423503558194882,0,ALL
Load_mvgd_40_lvgd_2765000000_136,BranchTee_mvgd_40_lvgd_2765000000_335,0.008537951085269382,0,ALL
Load_mvgd_40_lvgd_2765000000_137,BranchTee_mvgd_40_lvgd_2765000000_336,0.006537548284306438,0,ALL
Load_mvgd_40_lvgd_2765000000_138,BranchTee_mvgd_40_lvgd_2765000000_337,0.008130332775392006,0,ALL
Load_mvgd_40_lvgd_2765000000_139,BranchTee_mvgd_40_lvgd_2765000000_338,0.005807380553851433,0,ALL
Load_mvgd_40_lvgd_2765000000_140,BranchTee_mvgd_40_lvgd_2765000000_339,0.006537548284306438,0,ALL
Load_mvgd_40_lvgd_2765000000_141,BranchTee_mvgd_40_lvgd_2765000000_340,0.005188275419732136,0,ALL
Load_mvgd_40_lvgd_2765000000_142,BranchTee_mvgd_40_lvgd_2765000000_341,0.006351822480775005,0,ALL
Load_mvgd_40_lvgd_2765000000_143,BranchTee_mvgd_40_lvgd_2765000000_342,0.0050517418560549745,0,ALL
Load_mvgd_40_lvgd_2765000000_144,BranchTee_mvgd_40_lvgd_2765000000_343,0.003952245099148891,0,ALL
Load_mvgd_40_lvgd_2765000000_145,BranchTee_mvgd_40_lvgd_2765000000_344,0.007447999882894568,0,ALL
Load_mvgd_40_lvgd_2765000000_146,BranchTee_mvgd_40_lvgd_2765000000_345,0.006374588869594988,0,ALL
Load_mvgd_40_lvgd_2765000000_147,BranchTee_mvgd_40_lvgd_2765000000_346,0.007034440925885616,0,ALL
Load_mvgd_40_lvgd_2765000000_148,BranchTee_mvgd_40_lvgd_2765000000_347,0.007339883755562228,0,ALL
Load_mvgd_40_lvgd_2765000000_149,BranchTee_mvgd_40_lvgd_2765000000_348,0.00564606442735556,0,ALL
Load_mvgd_40_lvgd_2765000000_150,BranchTee_mvgd_40_lvgd_2765000000_349,0.006840150018502546,0,ALL
Load_mvgd_40_lvgd_2765000000_151,BranchTee_mvgd_40_lvgd_2765000000_350,0.006891969336824536,0,ALL
Load_mvgd_40_lvgd_2765000000_152,BranchTee_mvgd_40_lvgd_2765000000_351,0.006601287636904044,0,ALL
Load_mvgd_40_lvgd_2765000000_153,BranchTee_mvgd_40_lvgd_2765000000_352,0.006601287636904044,0,ALL
Load_mvgd_40_lvgd_2765000000_154,BranchTee_mvgd_40_lvgd_2765000000_353,0.005615678718894066,0,ALL
Load_mvgd_40_lvgd_2765000000_155,BranchTee_mvgd_40_lvgd_2765000000_354,0.005615678718894066,0,ALL
Load_mvgd_40_lvgd_2765000000_156,BranchTee_mvgd_40_lvgd_2765000000_355,0.006317638558755824,0,ALL
Load_mvgd_40_lvgd_2765000000_157,BranchTee_mvgd_40_lvgd_2765000000_356,0.005615678718894066,0,ALL
Load_mvgd_40_lvgd_2765000000_158,BranchTee_mvgd_40_lvgd_2765000000_357,0.006317638558755824,0,ALL
Load_mvgd_40_lvgd_2765000000_159,BranchTee_mvgd_40_lvgd_2765000000_358,0.006263269896460163,0,ALL
Load_mvgd_40_lvgd_2765000000_160,BranchTee_mvgd_40_lvgd_2765000000_359,0.005415118764647849,0,ALL
Load_mvgd_40_lvgd_2765000000_161,BranchTee_mvgd_40_lvgd_2765000000_360,0.007220158352863799,0,ALL
Load_mvgd_40_lvgd_2765000000_162,BranchTee_mvgd_40_lvgd_2765000000_361,0.008537951085269382,0,ALL
Load_mvgd_40_lvgd_2765000000_163,BranchTee_mvgd_40_lvgd_2765000000_362,0.006007902402750815,0,ALL
Load_mvgd_40_lvgd_2765000000_164,BranchTee_mvgd_40_lvgd_2765000000_363,0.00853754551969853,0,ALL
Load_mvgd_40_lvgd_2765000000_165,BranchTee_mvgd_40_lvgd_2765000000_364,0.009782354078829443,0,ALL
Load_mvgd_40_lvgd_2765000000_166,BranchTee_mvgd_40_lvgd_2765000000_365,0.00853754551969853,0,ALL
Load_mvgd_40_lvgd_2765000000_167,BranchTee_mvgd_40_lvgd_2765000000_366,0.01932014930568815,0,ALL
Load_mvgd_40_lvgd_2765000000_168,BranchTee_mvgd_40_lvgd_2765000000_367,0.01932014930568815,0,ALL
Load_mvgd_40_lvgd_2765000000_169,BranchTee_mvgd_40_lvgd_2765000000_368,0.008916991987240686,0,ALL
Load_mvgd_40_lvgd_2765000000_170,BranchTee_mvgd_40_lvgd_2765000000_369,0.008916991987240686,0,ALL
Load_mvgd_40_lvgd_2765000000_171,BranchTee_mvgd_40_lvgd_2765000000_370,0.008916991987240686,0,ALL
Load_mvgd_40_lvgd_2765000000_172,BranchTee_mvgd_40_lvgd_2765000000_371,0.008916991987240686,0,ALL
Load_mvgd_40_lvgd_2765000000_173,BranchTee_mvgd_40_lvgd_2765000000_372,0.00983491763298605,0,ALL
Load_mvgd_40_lvgd_2765000000_174,BranchTee_mvgd_40_lvgd_2765000000_373,0.008916991987240686,0,ALL
Load_mvgd_40_lvgd_2765000000_175,BranchTee_mvgd_40_lvgd_2765000000_374,0.007643135989063444,0,ALL
Load_mvgd_40_lvgd_2765000000_176,BranchTee_mvgd_40_lvgd_2765000000_375,0.007643135989063444,0,ALL
Load_mvgd_40_lvgd_2765000000_177,BranchTee_mvgd_40_lvgd_2765000000_376,0.011610666650052975,0,ALL
Load_mvgd_40_lvgd_2765000000_178,BranchTee_mvgd_40_lvgd_2765000000_377,0.011610666650052975,0,ALL
Load_mvgd_40_lvgd_2765000000_179,BranchTee_mvgd_40_lvgd_2765000000_378,0.008853750909316992,0,ALL
Load_mvgd_40_lvgd_2765000000_180,BranchTee_mvgd_40_lvgd_2765000000_379,0.008853750909316992,0,ALL
Load_mvgd_40_lvgd_2765000000_181,BranchTee_mvgd_40_lvgd_2765000000_380,0.008853750909316992,0,ALL
Load_mvgd_40_lvgd_2765000000_182,BranchTee_mvgd_40_lvgd_2765000000_381,0.008853750909316992,0,ALL
Load_mvgd_40_lvgd_2765000000_183,BranchTee_mvgd_40_lvgd_2765000000_382,0.008853750909316992,0,ALL
Load_mvgd_40_lvgd_2765000000_184,BranchTee_mvgd_40_lvgd_2765000000_383,0.011610666650052975,0,ALL
Load_mvgd_40_lvgd_2765000000_185,BranchTee_mvgd_40_lvgd_2765000000_384,0.011610666650052975,0,ALL
Load_mvgd_40_lvgd_2765000000_186,BranchTee_mvgd_40_lvgd_2765000000_385,0.011610666650052975,0,ALL
Load_mvgd_40_lvgd_2765000000_187,BranchTee_mvgd_40_lvgd_2765000000_386,0.011610666650052975,0,ALL
Load_mvgd_40_lvgd_2765000000_188,BranchTee_mvgd_40_lvgd_2765000000_387,0.009782354078829443,0,ALL
Load_mvgd_40_lvgd_2765000000_189,BranchTee_mvgd_40_lvgd_2765000000_388,0.008400064915516587,0,ALL
Load_mvgd_40_lvgd_2765000000_190,BranchTee_mvgd_40_lvgd_2765000000_389,0.008400064915516587,0,ALL
Load_mvgd_40_lvgd_2765000000_191,BranchTee_mvgd_40_lvgd_2765000000_390,0.008400064915516587,0,ALL
Load_mvgd_40_lvgd_2765000000_192,BranchTee_mvgd_40_lvgd_2765000000_391,0.008400064915516587,0,ALL
Load_mvgd_40_lvgd_2765000000_193,BranchTee_mvgd_40_lvgd_2765000000_392,0.005623328280241874,0,ALL
Load_mvgd_40_lvgd_2765000000_194,BranchTee_mvgd_40_lvgd_2765000000_393,0.00619235554669492,0,ALL
Load_mvgd_40_lvgd_2765000000_195,BranchTee_mvgd_40_lvgd_2765000000_394,0.00619235554669492,0,ALL
Load_mvgd_40_lvgd_2765000000_196,BranchTee_mvgd_40_lvgd_2765000000_395,0.008067754655122524,0,ALL
Load_mvgd_40_lvgd_2765000000_197,BranchTee_mvgd_40_lvgd_2765000000_396,0.008067754655122524,0,ALL
Load_mvgd_40_lvgd_2765000000_198,BranchTee_mvgd_40_lvgd_2765000000_397,0.008067754655122524,0,ALL
Load_mvgd_40_lvgd_2765000000_199,BranchTee_mvgd_40_lvgd_2765000000_398,0.00853754551969853,0,ALL
Load_mvgd_40_lvgd_2765000000_200,BranchTee_mvgd_40_lvgd_2765000000_399,0.00619235554669492,0,ALL
Load_mvgd_40_lvgd_2765000000_201,BranchTee_mvgd_40_lvgd_2765000000_400,0.006918355852169497,0,ALL
Load_mvgd_40_lvgd_2765000000_202,BranchTee_mvgd_40_lvgd_2765000000_401,0.00789114335154043,0,ALL
Load_mvgd_40_lvgd_2765000000_203,BranchTee_mvgd_40_lvgd_2765000000_402,0.00789114335154043,0,ALL
Load_mvgd_40_lvgd_2765000000_204,BranchTee_mvgd_40_lvgd_2765000000_403,0.006421702048424361,0,ALL
Load_mvgd_40_lvgd_2765000000_205,BranchTee_mvgd_40_lvgd_2765000000_404,0.008149938913069444,0,ALL
Load_mvgd_40_lvgd_2765000000_206,BranchTee_mvgd_40_lvgd_2765000000_405,0.006097022609084986,0,ALL
Load_mvgd_40_lvgd_2765000000_207,BranchTee_mvgd_40_lvgd_2765000000_406,0.006097022609084986,0,ALL
Load_mvgd_40_lvgd_2765000000_208,BranchTee_mvgd_40_lvgd_2765000000_407,0.006097022609084986,0,ALL
Load_mvgd_40_lvgd_2765000000_209,BranchTee_mvgd_40_lvgd_2765000000_408,0.006097022609084986,0,ALL
Load_mvgd_40_lvgd_2765000000_210,BranchTee_mvgd_40_lvgd_2765000000_409,0.006097022609084986,0,ALL
Load_mvgd_40_lvgd_2765000000_211,BranchTee_mvgd_40_lvgd_2765000000_410,0.006097022609084986,0,ALL
Load_mvgd_40_lvgd_2765000000_212,BranchTee_mvgd_40_lvgd_2765000000_411,0.006483407500530758,0,ALL
Load_mvgd_40_lvgd_2765000000_213,BranchTee_mvgd_40_lvgd_2765000000_412,0.006931352018749247,0,ALL
Load_mvgd_40_lvgd_2765000000_214,BranchTee_mvgd_40_lvgd_2765000000_413,0.006483407500530758,0,ALL
Load_mvgd_40_lvgd_2765000000_215,BranchTee_mvgd_40_lvgd_2765000000_414,0.006288525017010406,0,ALL
Load_mvgd_40_lvgd_2765000000_216,BranchTee_mvgd_40_lvgd_2765000000_415,0.006460141684141294,0,ALL
Load_mvgd_40_lvgd_2765000000_217,BranchTee_mvgd_40_lvgd_2765000000_416,0.006460141684141294,0,ALL
Load_mvgd_40_lvgd_2765000000_218,BranchTee_mvgd_40_lvgd_2765000000_417,0.005944661324827123,0,ALL
Load_mvgd_40_lvgd_2765000000_219,BranchTee_mvgd_40_lvgd_2765000000_418,0.005944661324827123,0,ALL
Load_mvgd_40_lvgd_2765000000_220,BranchTee_mvgd_40_lvgd_2765000000_419,0.005779531843581926,0,ALL
Load_mvgd_40_lvgd_2765000000_221,BranchTee_mvgd_40_lvgd_2765000000_420,0.005779531843581926,0,ALL
Load_mvgd_40_lvgd_2765000000_222,BranchTee_mvgd_40_lvgd_2765000000_421,0.005779531843581926,0,ALL
Load_mvgd_40_lvgd_2765000000_223,BranchTee_mvgd_40_lvgd_2765000000_422,0.006007902402750815,0,ALL
Load_mvgd_40_lvgd_2765000000_224,BranchTee_mvgd_40_lvgd_2765000000_423,0.005492350137068538,0,ALL
Load_mvgd_40_lvgd_2765000000_225,BranchTee_mvgd_40_lvgd_2765000000_424,0.005492350137068538,0,ALL
Load_mvgd_40_lvgd_2765000000_226,BranchTee_mvgd_40_lvgd_2765000000_425,0.005492350137068538,0,ALL
Load_mvgd_40_lvgd_2765000000_227,BranchTee_mvgd_40_lvgd_2765000000_426,0.006654471632269169,0,ALL
Load_mvgd_40_lvgd_2765000000_228,BranchTee_mvgd_40_lvgd_2765000000_427,0.006778999756381807,0,ALL
Load_mvgd_40_lvgd_2765000000_229,BranchTee_mvgd_40_lvgd_2765000000_428,0.005776126682291039,0,ALL
Load_mvgd_40_lvgd_2765000000_230,BranchTee_mvgd_40_lvgd_2765000000_429,0.005415118764647849,0,ALL
Load_mvgd_40_lvgd_2765000000_231,BranchTee_mvgd_40_lvgd_2765000000_430,0.006601287636904044,0,ALL
Load_mvgd_40_lvgd_2765000000_232,BranchTee_mvgd_40_lvgd_2765000000_431,0.006601287636904044,0,ALL
Load_mvgd_40_lvgd_2765000000_233,BranchTee_mvgd_40_lvgd_2765000000_432,0.004963858867593862,0,ALL
Load_mvgd_40_lvgd_2765000000_234,BranchTee_mvgd_40_lvgd_2765000000_433,0.006317638558755824,0,ALL
Load_mvgd_40_lvgd_2765000000_235,BranchTee_mvgd_40_lvgd_2765000000_434,0.006601287636904044,0,ALL
Load_mvgd_40_lvgd_2765000000_236,BranchTee_mvgd_40_lvgd_2765000000_435,0.006317638558755824,0,ALL
Load_mvgd_40_lvgd_2765000000_237,BranchTee_mvgd_40_lvgd_2765000000_436,0.006537548284306438,0,ALL
Load_mvgd_40_lvgd_2765000000_238,BranchTee_mvgd_40_lvgd_2765000000_437,0.007339883755562228,0,ALL
Load_mvgd_40_lvgd_2765000000_239,BranchTee_mvgd_40_lvgd_2765000000_438,0.007339883755562228,0,ALL
Load_mvgd_40_lvgd_2765000000_240,BranchTee_mvgd_40_lvgd_2765000000_439,0.01031020460647537,0,ALL
Load_mvgd_40_lvgd_2765000000_241,BranchTee_mvgd_40_lvgd_2765000000_440,0.01031020460647537,0,ALL
Load_mvgd_40_lvgd_2765000000_242,BranchTee_mvgd_40_lvgd_2765000000_441,0.003952245099148891,0,ALL
Load_mvgd_40_lvgd_2765000000_243,BranchTee_mvgd_40_lvgd_2765000000_442,0.006452645059834925,0,ALL
Load_mvgd_40_lvgd_2765000000_244,BranchTee_mvgd_40_lvgd_2765000000_443,0.005840756304160925,0,ALL
Load_mvgd_40_lvgd_2765000000_245,BranchTee_mvgd_40_lvgd_2765000000_444,0.006007902402750815,0,ALL
Load_mvgd_40_lvgd_2765000000_246,BranchTee_mvgd_40_lvgd_2765000000_445,0.004564903154032155,0,ALL
Load_mvgd_40_lvgd_2765000000_247,BranchTee_mvgd_40_lvgd_2765000000_446,0.004564903154032155,0,ALL
Load_mvgd_40_lvgd_2765000000_248,BranchTee_mvgd_40_lvgd_2765000000_447,0.00564606442735556,0,ALL
Load_mvgd_40_lvgd_2765000000_249,BranchTee_mvgd_40_lvgd_2765000000_448,0.00564606442735556,0,ALL
Load_mvgd_40_lvgd_2765000000_250,BranchTee_mvgd_40_lvgd_2765000000_449,0.0050517418560549745,0,ALL
Load_mvgd_40_lvgd_2765000000_251,BranchTee_mvgd_40_lvgd_2765000000_450,0.010423503558194882,0,ALL
Load_mvgd_40_lvgd_2765000000_252,BranchTee_mvgd_40_lvgd_2765000000_451,0.0060493547435952425,0,ALL
Load_mvgd_40_lvgd_2765000000_253,BranchTee_mvgd_40_lvgd_2765000000_452,0.0060493547435952425,0,ALL
Load_mvgd_40_lvgd_2765000000_254,BranchTee_mvgd_40_lvgd_2765000000_453,0.005766193457724826,0,ALL
Load_mvgd_40_lvgd_2765000000_255,BranchTee_mvgd_40_lvgd_2765000000_454,0.005348903141705267,0,ALL
Load_mvgd_40_lvgd_2765000000_256,BranchTee_mvgd_40_lvgd_2765000000_455,0.003079671505830305,0,ALL
Load_mvgd_40_lvgd_2765000000_257,BranchTee_mvgd_40_lvgd_2765000000_456,0.003079671505830305,0,ALL
Load_mvgd_40_lvgd_2765000000_258,BranchTee_mvgd_40_lvgd_2765000000_457,0.0060493547435952425,0,ALL
Load_mvgd_40_lvgd_2765000000_259,BranchTee_mvgd_40_lvgd_2765000000_458,0.012033597254773,0,ALL
Load_mvgd_40_lvgd_2765000000_260,BranchTee_mvgd_40_lvgd_2765000000_459,0.012033597254773,0,ALL
Load_mvgd_40_lvgd_2765000000_261,BranchTee_mvgd_40_lvgd_2765000000_460,0.012033597254773,0,ALL
Load_mvgd_40_lvgd_2765000000_262,BranchTee_mvgd_40_lvgd_2765000000_461,0.012635277117511648,0,ALL
Load_mvgd_40_lvgd_2765000000_263,BranchTee_mvgd_40_lvgd_2765000000_462,0.012635277117511648,0,ALL
Load_mvgd_40_lvgd_2765000000_264,BranchTee_mvgd_40_lvgd_2765000000_463,0.012635277117511648,0,ALL
Load_mvgd_40_lvgd_2765000000_265,BranchTee_mvgd_40_lvgd_2765000000_464,0.012635277117511648,0,ALL
Load_mvgd_40_lvgd_2765000000_266,BranchTee_mvgd_40_lvgd_2765000000_465,0.012635277117511648,0,ALL
Load_mvgd_40_lvgd_2765000000_267,BranchTee_mvgd_40_lvgd_2765000000_466,0.012635277117511648,0,ALL
Load_mvgd_40_lvgd_2765000000_268,BranchTee_mvgd_40_lvgd_2765000000_467,0.012635277117511648,0,ALL
Load_mvgd_40_lvgd_2765000000_269,BranchTee_mvgd_40_lvgd_2765000000_468,0.012635277117511648,0,ALL
Load_mvgd_40_lvgd_2765000000_270,BranchTee_mvgd_40_lvgd_2765000000_469,0.014440316705727598,0,ALL
Load_mvgd_40_lvgd_2765000000_271,BranchTee_mvgd_40_lvgd_2765000000_470,0.0055147606034635695,0,ALL
Load_mvgd_40_lvgd_2765000000_272,BranchTee_mvgd_40_lvgd_2765000000_471,0.003268774142153219,0,ALL
Load_mvgd_40_lvgd_2765000000_273,BranchTee_mvgd_40_lvgd_2765000000_472,0.0060103266484752725,0,ALL
Load_mvgd_40_lvgd_2765000000_274,BranchTee_mvgd_40_lvgd_2765000000_473,0.004839483794876194,0,ALL
Load_mvgd_40_lvgd_2765000000_275,BranchTee_mvgd_40_lvgd_2765000000_474,0.005520596328969881,0,ALL
Load_mvgd_40_lvgd_2765000000_276,BranchTee_mvgd_40_lvgd_2765000000_475,0.005211751779097441,0,ALL
Load_mvgd_40_lvgd_2765000000_277,BranchTee_mvgd_40_lvgd_2765000000_476,0.003268774142153219,0,ALL
Load_mvgd_40_lvgd_2765000000_278,BranchTee_mvgd_40_lvgd_2765000000_477,0.00615934301166061,0,ALL
Load_mvgd_40_lvgd_2765000000_279,BranchTee_mvgd_40_lvgd_2765000000_478,0.0055147606034635695,0,ALL
Load_mvgd_40_lvgd_2765000000_280,BranchTee_mvgd_40_lvgd_2765000000_479,0.005358976405625616,0,ALL
Load_mvgd_40_lvgd_2765000000_281,BranchTee_mvgd_40_lvgd_2765000000_480,0.005348903141705267,0,ALL
Load_mvgd_40_lvgd_2765000000_282,BranchTee_mvgd_40_lvgd_2765000000_481,0.003268774142153219,0,ALL
Load_mvgd_40_lvgd_2765000000_283,BranchTee_mvgd_40_lvgd_2765000000_482,0.0055147606034635695,0,ALL
Load_mvgd_40_lvgd_2765000000_284,BranchTee_mvgd_40_lvgd_2765000000_483,0.003268774142153219,0,ALL
Load_mvgd_40_lvgd_2765000000_285,BranchTee_mvgd_40_lvgd_2765000000_484,0.0055147606034635695,0,ALL
Load_mvgd_40_lvgd_2765000000_286,BranchTee_mvgd_40_lvgd_2765000000_485,0.0030112343612562985,0,ALL
Load_mvgd_40_lvgd_2765000000_287,BranchTee_mvgd_40_lvgd_2765000000_486,0.00615934301166061,0,ALL
Load_mvgd_40_lvgd_2765000000_288,BranchTee_mvgd_40_lvgd_2765000000_487,0.005211751779097441,0,ALL
Load_mvgd_40_lvgd_2765000000_289,BranchTee_mvgd_40_lvgd_2765000000_488,0.004839483794876194,0,ALL
Load_mvgd_40_lvgd_2765000000_290,BranchTee_mvgd_40_lvgd_2765000000_489,0.00615934301166061,0,ALL
Load_mvgd_40_lvgd_2765000000_291,BranchTee_mvgd_40_lvgd_2765000000_490,0.005358976405625616,0,ALL
Load_mvgd_40_lvgd_2765000000_292,BranchTee_mvgd_40_lvgd_2765000000_491,0.006351822480775005,0,ALL
Load_mvgd_40_lvgd_2765000000_293,BranchTee_mvgd_40_lvgd_2765000000_492,0.005377204216529104,0,ALL
Load_mvgd_40_lvgd_2765000000_294,BranchTee_mvgd_40_lvgd_2765000000_493,0.007259225692314292,0,ALL
Load_mvgd_40_lvgd_2765000000_295,BranchTee_mvgd_40_lvgd_2765000000_494,0.007259225692314292,0,ALL
Load_mvgd_40_lvgd_2765000000_296,BranchTee_mvgd_40_lvgd_2765000000_495,0.005377204216529104,0,ALL
Load_mvgd_40_lvgd_2765000000_297,BranchTee_mvgd_40_lvgd_2765000000_496,0.006210670870091116,0,ALL
Load_mvgd_40_lvgd_2765000000_298,BranchTee_mvgd_40_lvgd_2765000000_497,0.005018723935427164,0,ALL
Load_mvgd_40_lvgd_2765000000_299,BranchTee_mvgd_40_lvgd_2765000000_498,0.007259225692314292,0,ALL
Load_mvgd_40_lvgd_2765000000_300,BranchTee_mvgd_40_lvgd_2765000000_499,0.007131870855607023,0,ALL
Load_mvgd_40_lvgd_2765000000_301,BranchTee_mvgd_40_lvgd_2765000000_500,0.006273404919283956,0,ALL
Load_mvgd_40_lvgd_2765000000_302,BranchTee_mvgd_40_lvgd_2765000000_501,0.007131870855607023,0,ALL
Load_mvgd_40_lvgd_2765000000_303,BranchTee_mvgd_40_lvgd_2765000000_502,0.007131870855607023,0,ALL
Load_mvgd_40_lvgd_2765000000_304,BranchTee_mvgd_40_lvgd_2765000000_503,0.005420221850261337,0,ALL
Load_mvgd_40_lvgd_2765000000_305,BranchTee_mvgd_40_lvgd_2765000000_504,0.006913548278394563,0,ALL
Load_mvgd_40_lvgd_2765000000_306,BranchTee_mvgd_40_lvgd_2765000000_505,0.0029716128565029257,0,ALL
Load_mvgd_40_lvgd_2765000000_307,BranchTee_mvgd_40_lvgd_2765000000_506,0.005377204216529104,0,ALL
Load_mvgd_40_lvgd_2765000000_308,BranchTee_mvgd_40_lvgd_2765000000_507,0.007528085903140746,0,ALL
Load_mvgd_40_lvgd_2765000000_309,BranchTee_mvgd_40_lvgd_2765000000_508,0.00510834400570265,0,ALL
Load_mvgd_40_lvgd_2765000000_310,BranchTee_mvgd_40_lvgd_2765000000_509,0.006273404919283956,0,ALL
Load_mvgd_40_lvgd_2765000000_311,BranchTee_mvgd_40_lvgd_2765000000_510,0.0038816692938069474,0,ALL
Load_mvgd_40_lvgd_2765000000_312,BranchTee_mvgd_40_lvgd_2765000000_511,0.0038816692938069474,0,ALL
Load_mvgd_40_lvgd_2765000000_313,BranchTee_mvgd_40_lvgd_2765000000_512,0.007259225692314292,0,ALL
Load_mvgd_40_lvgd_2765000000_314,BranchTee_mvgd_40_lvgd_2765000000_513,0.007259225692314292,0,ALL
Load_mvgd_40_lvgd_2765000000_315,BranchTee_mvgd_40_lvgd_2765000000_514,0.007528085903140746,0,ALL
Load_mvgd_40_lvgd_2765000000_316,BranchTee_mvgd_40_lvgd_2765000000_515,0.006351822480775005,0,ALL
Load_mvgd_40_lvgd_2765000000_317,BranchTee_mvgd_40_lvgd_2765000000_516,0.007131870855607023,0,ALL
Load_mvgd_40_lvgd_2765000000_318,BranchTee_mvgd_40_lvgd_2765000000_517,0.005092528699183446,0,ALL
Load_mvgd_40_lvgd_2765000000_319,BranchTee_mvgd_40_lvgd_2765000000_518,0.0038816692938069474,0,ALL
Load_mvgd_40_lvgd_2765000000_320,BranchTee_mvgd_40_lvgd_2765000000_519,0.006913548278394563,0,ALL
Load_mvgd_40_lvgd_2765000000_321,BranchTee_mvgd_40_lvgd_2765000000_520,0.0038816692938069474,0,ALL
Load_mvgd_40_lvgd_2765000000_322,BranchTee_mvgd_40_lvgd_2765000000_521,0.005891545489414497,0,ALL
Load_mvgd_40_lvgd_2765000000_323,BranchTee_mvgd_40_lvgd_2765000000_522,0.00615934301166061,0,ALL
Load_mvgd_40_lvgd_2765000000_324,BranchTee_mvgd_40_lvgd_2765000000_523,0.00564606442735556,0,ALL
Load_mvgd_40_lvgd_2765000000_325,BranchTee_mvgd_40_lvgd_2765000000_524,0.01129212885471112,0,ALL
Load_mvgd_40_lvgd_2765000000_326,BranchTee_mvgd_40_lvgd_2765000000_525,0.0026058758895487204,0,ALL
Load_mvgd_40_lvgd_2765000000_327,BranchTee_mvgd_40_lvgd_2765000000_526,0.0034367348688251233,0,ALL
Load_mvgd_40_lvgd_2765000000_328,BranchTee_mvgd_40_lvgd_2765000000_527,0.00564606442735556,0,ALL
Load_mvgd_40_lvgd_2765000000_329,BranchTee_mvgd_40_lvgd_2765000000_528,0.0038816692938069474,0,ALL
Load_mvgd_40_lvgd_2765000000_330,BranchTee_mvgd_40_lvgd_2765000000_529,0.007528085903140746,0,ALL
Load_mvgd_40_lvgd_2765000000_331,BranchTee_mvgd_40_lvgd_2765000000_530,0.007528085903140746,0,ALL
Load_mvgd_40_lvgd_2765000000_332,BranchTee_mvgd_40_lvgd_2765000000_531,0.0026058758895487204,0,ALL
Load_mvgd_40_lvgd_2765000000_333,BranchTee_mvgd_40_lvgd_2765000000_532,0.006537548284306438,0,ALL
Load_mvgd_40_lvgd_2765000000_334,BranchTee_mvgd_40_lvgd_2765000000_533,0.006775277312826671,0,ALL
Load_mvgd_40_lvgd_2765000000_335,BranchTee_mvgd_40_lvgd_2765000000_534,0.006775277312826671,0,ALL
Load_mvgd_40_lvgd_2765000000_336,BranchTee_mvgd_40_lvgd_2765000000_535,0.00564606442735556,0,ALL
Load_mvgd_40_lvgd_2765000000_337,BranchTee_mvgd_40_lvgd_2765000000_536,0.004839483794876194,0,ALL
Load_mvgd_40_lvgd_2765000000_338,BranchTee_mvgd_40_lvgd_2765000000_537,0.006273404919283956,0,ALL
Load_mvgd_40_lvgd_2765000000_339,BranchTee_mvgd_40_lvgd_2765000000_538,0.006537548284306438,0,ALL
Load_mvgd_40_lvgd_2765000000_340,BranchTee_mvgd_40_lvgd_2765000000_539,0.00615934301166061,0,ALL
Load_mvgd_40_lvgd_2765000000_341,BranchTee_mvgd_40_lvgd_2765000000_540,0.0038816692938069474,0,ALL
Load_mvgd_40_lvgd_2765000000_342,BranchTee_mvgd_40_lvgd_2765000000_541,0.00510834400570265,0,ALL
Load_mvgd_40_lvgd_2765000000_343,BranchTee_mvgd_40_lvgd_2765000000_542,0.006913548278394563,0,ALL
Load_mvgd_40_lvgd_2765000000_344,BranchTee_mvgd_40_lvgd_2765000000_543,0.006913548278394563,0,ALL
Load_mvgd_40_lvgd_2765000000_345,BranchTee_mvgd_40_lvgd_2765000000_544,0.006775277312826671,0,ALL
Load_mvgd_40_lvgd_2765000000_346,BranchTee_mvgd_40_lvgd_2765000000_545,0.004839483794876194,0,ALL
Load_mvgd_40_lvgd_2765000000_347,BranchTee_mvgd_40_lvgd_2765000000_546,0.003893837536107283,0,ALL
Load_mvgd_40_lvgd_2765000000_348,BranchTee_mvgd_40_lvgd_2765000000_547,0.00615934301166061,0,ALL
Load_mvgd_40_lvgd_2765000000_349,BranchTee_mvgd_40_lvgd_2765000000_548,0.0055147606034635695,0,ALL
Load_mvgd_40_lvgd_2765000000_350,BranchTee_mvgd_40_lvgd_2765000000_549,0.0055147606034635695,0,ALL
Load_mvgd_40_lvgd_2765000000_351,BranchTee_mvgd_40_lvgd_2765000000_550,0.0055147606034635695,0,ALL
Load_mvgd_40_lvgd_2765000000_352,BranchTee_mvgd_40_lvgd_2765000000_551,0.0034367348688251233,0,ALL
Load_mvgd_40_lvgd_2765000000_353,BranchTee_mvgd_40_lvgd_2765000000_552,0.005520596328969881,0,ALL
Load_mvgd_40_lvgd_2765000000_354,BranchTee_mvgd_40_lvgd_2765000000_553,0.006775277312826671,0,ALL
Load_mvgd_40_lvgd_2765000000_355,BranchTee_mvgd_40_lvgd_2765000000_554,0.00510834400570265,0,ALL
Load_mvgd_40_lvgd_2765000000_356,BranchTee_mvgd_40_lvgd_2765000000_555,0.006913548278394563,0,ALL
Load_mvgd_40_lvgd_2765000000_357,BranchTee_mvgd_40_lvgd_2765000000_556,0.006913548278394563,0,ALL
Load_mvgd_40_lvgd_2765000000_358,BranchTee_mvgd_40_lvgd_2765000000_557,0.00510834400570265,0,ALL
Load_mvgd_40_lvgd_2765000000_359,BranchTee_mvgd_40_lvgd_2765000000_558,0.00510834400570265,0,ALL
Load_mvgd_40_lvgd_2765000000_360,BranchTee_mvgd_40_lvgd_2765000000_559,0.005321577966013286,0,ALL
Load_mvgd_40_lvgd_2765000000_361,BranchTee_mvgd_40_lvgd_2765000000_560,0.005321577966013286,0,ALL
Load_mvgd_40_lvgd_2765000000_362,BranchTee_mvgd_40_lvgd_2765000000_561,0.005520596328969881,0,ALL
Load_mvgd_40_lvgd_2765000000_363,BranchTee_mvgd_40_lvgd_2765000000_562,0.005520596328969881,0,ALL
Load_mvgd_40_lvgd_2765000000_364,BranchTee_mvgd_40_lvgd_2765000000_563,0.0059989434540652815,0,ALL
Load_mvgd_40_lvgd_2765000000_365,BranchTee_mvgd_40_lvgd_2765000000_564,0.015808980396595566,0,ALL
Load_mvgd_40_lvgd_2765000000_366,BranchTee_mvgd_40_lvgd_2765000000_565,0.015808980396595566,0,ALL
Load_mvgd_40_lvgd_2765000000_367,BranchTee_mvgd_40_lvgd_2765000000_566,0.015808980396595566,0,ALL
Load_mvgd_40_lvgd_2765000000_368,BranchTee_mvgd_40_lvgd_2765000000_567,0.0038816692938069474,0,ALL
Load_mvgd_40_lvgd_2765000000_369,BranchTee_mvgd_40_lvgd_2765000000_568,0.0034367348688251233,0,ALL
Load_mvgd_40_lvgd_2765000000_370,BranchTee_mvgd_40_lvgd_2765000000_569,0.0034367348688251233,0,ALL
Load_mvgd_40_lvgd_2765000000_371,BranchTee_mvgd_40_lvgd_2765000000_570,0.00705758053419445,0,ALL
Load_mvgd_40_lvgd_2765000000_372,BranchTee_mvgd_40_lvgd_2765000000_571,0.005377204216529104,0,ALL
Load_mvgd_40_lvgd_2765000000_373,BranchTee_mvgd_40_lvgd_2765000000_572,0.007528085903140746,0,ALL
Load_mvgd_40_lvgd_2765000000_374,BranchTee_mvgd_40_lvgd_2765000000_573,0.007528085903140746,0,ALL
Load_mvgd_40_lvgd_2765000000_375,BranchTee_mvgd_40_lvgd_2765000000_574,0.024473149798160326,0,ALL
Load_mvgd_40_lvgd_2765000000_376,BranchTee_mvgd_40_lvgd_2765000000_575,0.09339181171169242,0,ALL
Load_mvgd_40_lvgd_2765000001_1,BranchTee_mvgd_40_lvgd_2765000001_161,0.006139973123279716,0,ALL
Load_mvgd_40_lvgd_2765000001_2,BranchTee_mvgd_40_lvgd_2765000001_162,0.006695229082788873,0,ALL
Load_mvgd_40_lvgd_2765000001_3,BranchTee_mvgd_40_lvgd_2765000001_163,0.006960107674448029,0,ALL
Load_mvgd_40_lvgd_2765000001_4,BranchTee_mvgd_40_lvgd_2765000001_164,0.0043829961987719825,0,ALL
Load_mvgd_40_lvgd_2765000001_5,BranchTee_mvgd_40_lvgd_2765000001_165,0.006549304664831697,0,ALL
Load_mvgd_40_lvgd_2765000001_6,BranchTee_mvgd_40_lvgd_2765000001_166,0.01899638410394462,0,ALL
Load_mvgd_40_lvgd_2765000001_7,BranchTee_mvgd_40_lvgd_2765000001_167,0.01899638410394462,0,ALL
Load_mvgd_40_lvgd_2765000001_8,BranchTee_mvgd_40_lvgd_2765000001_168,0.005210606925063178,0,ALL
Load_mvgd_40_lvgd_2765000001_9,BranchTee_mvgd_40_lvgd_2765000001_169,0.006422073035140368,0,ALL
Load_mvgd_40_lvgd_2765000001_10,BranchTee_mvgd_40_lvgd_2765000001_170,0.005210606925063178,0,ALL
Load_mvgd_40_lvgd_2765000001_11,BranchTee_mvgd_40_lvgd_2765000001_171,0.005622608402858872,0,ALL
Load_mvgd_40_lvgd_2765000001_12,BranchTee_mvgd_40_lvgd_2765000001_172,0.006422073035140368,0,ALL
Load_mvgd_40_lvgd_2765000001_13,BranchTee_mvgd_40_lvgd_2765000001_173,0.005210606925063178,0,ALL
Load_mvgd_40_lvgd_2765000001_14,BranchTee_mvgd_40_lvgd_2765000001_174,0.01899638410394462,0,ALL
Load_mvgd_40_lvgd_2765000001_15,BranchTee_mvgd_40_lvgd_2765000001_175,0.004436885496297868,0,ALL
Load_mvgd_40_lvgd_2765000001_16,BranchTee_mvgd_40_lvgd_2765000001_176,0.004436885496297868,0,ALL
Load_mvgd_40_lvgd_2765000001_17,BranchTee_mvgd_40_lvgd_2765000001_177,0.0038849284489115296,0,ALL
Load_mvgd_40_lvgd_2765000001_18,BranchTee_mvgd_40_lvgd_2765000001_178,0.0038849284489115296,0,ALL
Load_mvgd_40_lvgd_2765000001_19,BranchTee_mvgd_40_lvgd_2765000001_179,0.0038849284489115296,0,ALL
Load_mvgd_40_lvgd_2765000001_20,BranchTee_mvgd_40_lvgd_2765000001_180,0.004436885496297868,0,ALL
Load_mvgd_40_lvgd_2765000001_21,BranchTee_mvgd_40_lvgd_2765000001_181,0.0038849284489115296,0,ALL
Load_mvgd_40_lvgd_2765000001_22,BranchTee_mvgd_40_lvgd_2765000001_182,0.0038849284489115296,0,ALL
Load_mvgd_40_lvgd_2765000001_23,BranchTee_mvgd_40_lvgd_2765000001_183,0.005048767773268992,0,ALL
Load_mvgd_40_lvgd_2765000001_24,BranchTee_mvgd_40_lvgd_2765000001_184,0.0038849284489115296,0,ALL
Load_mvgd_40_lvgd_2765000001_25,BranchTee_mvgd_40_lvgd_2765000001_185,0.0038849284489115296,0,ALL
Load_mvgd_40_lvgd_2765000001_26,BranchTee_mvgd_40_lvgd_2765000001_186,0.0038849284489115296,0,ALL
Load_mvgd_40_lvgd_2765000001_27,BranchTee_mvgd_40_lvgd_2765000001_187,0.004436885496297868,0,ALL
Load_mvgd_40_lvgd_2765000001_28,BranchTee_mvgd_40_lvgd_2765000001_188,0.0038849284489115296,0,ALL
Load_mvgd_40_lvgd_2765000001_29,BranchTee_mvgd_40_lvgd_2765000001_189,0.004436885496297868,0,ALL
Load_mvgd_40_lvgd_2765000001_30,BranchTee_mvgd_40_lvgd_2765000001_190,0.004436885496297868,0,ALL
Load_mvgd_40_lvgd_2765000001_31,BranchTee_mvgd_40_lvgd_2765000001_191,0.004436885496297868,0,ALL
Load_mvgd_40_lvgd_2765000001_32,BranchTee_mvgd_40_lvgd_2765000001_192,0.004436885496297868,0,ALL
Load_mvgd_40_lvgd_2765000001_33,BranchTee_mvgd_40_lvgd_2765000001_193,0.004436885496297868,0,ALL
Load_mvgd_40_lvgd_2765000001_34,BranchTee_mvgd_40_lvgd_2765000001_194,0.004436885496297868,0,ALL
Load_mvgd_40_lvgd_2765000001_35,BranchTee_mvgd_40_lvgd_2765000001_195,0.004436885496297868,0,ALL
Load_mvgd_40_lvgd_2765000001_36,BranchTee_mvgd_40_lvgd_2765000001_196,0.0058654802071801525,0,ALL
Load_mvgd_40_lvgd_2765000001_37,BranchTee_mvgd_40_lvgd_2765000001_197,0.0043525587251694,0,ALL
Load_mvgd_40_lvgd_2765000001_38,BranchTee_mvgd_40_lvgd_2765000001_198,0.0043525587251694,0,ALL
Load_mvgd_40_lvgd_2765000001_39,BranchTee_mvgd_40_lvgd_2765000001_199,0.0064101319407040246,0,ALL
Load_mvgd_40_lvgd_2765000001_40,BranchTee_mvgd_40_lvgd_2765000001_200,0.0064101319407040246,0,ALL
Load_mvgd_40_lvgd_2765000001_41,BranchTee_mvgd_40_lvgd_2765000001_201,0.006625459370236718,0,ALL
Load_mvgd_40_lvgd_2765000001_42,BranchTee_mvgd_40_lvgd_2765000001_202,0.006625459370236718,0,ALL
Load_mvgd_40_lvgd_2765000001_43,BranchTee_mvgd_40_lvgd_2765000001_203,0.005622608402858872,0,ALL
Load_mvgd_40_lvgd_2765000001_44,BranchTee_mvgd_40_lvgd_2765000001_204,0.005622608402858872,0,ALL
Load_mvgd_40_lvgd_2765000001_45,BranchTee_mvgd_40_lvgd_2765000001_205,0.0061048875625752605,0,ALL
Load_mvgd_40_lvgd_2765000001_46,BranchTee_mvgd_40_lvgd_2765000001_206,0.005054584326003174,0,ALL
Load_mvgd_40_lvgd_2765000001_47,BranchTee_mvgd_40_lvgd_2765000001_207,0.005054584326003174,0,ALL
Load_mvgd_40_lvgd_2765000001_48,BranchTee_mvgd_40_lvgd_2765000001_208,0.005054584326003174,0,ALL
Load_mvgd_40_lvgd_2765000001_49,BranchTee_mvgd_40_lvgd_2765000001_209,0.005087406302146051,0,ALL
Load_mvgd_40_lvgd_2765000001_50,BranchTee_mvgd_40_lvgd_2765000001_210,0.005087406302146051,0,ALL
Load_mvgd_40_lvgd_2765000001_51,BranchTee_mvgd_40_lvgd_2765000001_211,0.0061048875625752605,0,ALL
Load_mvgd_40_lvgd_2765000001_52,BranchTee_mvgd_40_lvgd_2765000001_212,0.0061048875625752605,0,ALL
Load_mvgd_40_lvgd_2765000001_53,BranchTee_mvgd_40_lvgd_2765000001_213,0.0061048875625752605,0,ALL
Load_mvgd_40_lvgd_2765000001_54,BranchTee_mvgd_40_lvgd_2765000001_214,0.0061048875625752605,0,ALL
Load_mvgd_40_lvgd_2765000001_55,BranchTee_mvgd_40_lvgd_2765000001_215,0.0061048875625752605,0,ALL
Load_mvgd_40_lvgd_2765000001_56,BranchTee_mvgd_40_lvgd_2765000001_216,0.0061048875625752605,0,ALL
Load_mvgd_40_lvgd_2765000001_57,BranchTee_mvgd_40_lvgd_2765000001_217,0.0061048875625752605,0,ALL
Load_mvgd_40_lvgd_2765000001_58,BranchTee_mvgd_40_lvgd_2765000001_218,0.004961650191306486,0,ALL
Load_mvgd_40_lvgd_2765000001_59,BranchTee_mvgd_40_lvgd_2765000001_219,0.006511880066746945,0,ALL
Load_mvgd_40_lvgd_2765000001_60,BranchTee_mvgd_40_lvgd_2765000001_220,0.005604486942692043,0,ALL
Load_mvgd_40_lvgd_2765000001_61,BranchTee_mvgd_40_lvgd_2765000001_221,0.005604486942692043,0,ALL
Load_mvgd_40_lvgd_2765000001_62,BranchTee_mvgd_40_lvgd_2765000001_222,0.0048839100500602094,0,ALL
Load_mvgd_40_lvgd_2765000001_63,BranchTee_mvgd_40_lvgd_2765000001_223,0.0048839100500602094,0,ALL
Load_mvgd_40_lvgd_2765000001_64,BranchTee_mvgd_40_lvgd_2765000001_224,0.005604486942692043,0,ALL
Load_mvgd_40_lvgd_2765000001_65,BranchTee_mvgd_40_lvgd_2765000001_225,0.005510737921448715,0,ALL
Load_mvgd_40_lvgd_2765000001_66,BranchTee_mvgd_40_lvgd_2765000001_226,0.005510737921448715,0,ALL
Load_mvgd_40_lvgd_2765000001_67,BranchTee_mvgd_40_lvgd_2765000001_227,0.005510737921448715,0,ALL
Load_mvgd_40_lvgd_2765000001_68,BranchTee_mvgd_40_lvgd_2765000001_228,0.005604486942692043,0,ALL
Load_mvgd_40_lvgd_2765000001_69,BranchTee_mvgd_40_lvgd_2765000001_229,0.004385083318111992,0,ALL
Load_mvgd_40_lvgd_2765000001_70,BranchTee_mvgd_40_lvgd_2765000001_230,0.006279938102003942,0,ALL
Load_mvgd_40_lvgd_2765000001_71,BranchTee_mvgd_40_lvgd_2765000001_231,0.005510737921448715,0,ALL
Load_mvgd_40_lvgd_2765000001_72,BranchTee_mvgd_40_lvgd_2765000001_232,0.005510737921448715,0,ALL
Load_mvgd_40_lvgd_2765000001_73,BranchTee_mvgd_40_lvgd_2765000001_233,0.005774893640273896,0,ALL
Load_mvgd_40_lvgd_2765000001_74,BranchTee_mvgd_40_lvgd_2765000001_234,0.005048767773268992,0,ALL
Load_mvgd_40_lvgd_2765000001_75,BranchTee_mvgd_40_lvgd_2765000001_235,0.005774893640273896,0,ALL
Load_mvgd_40_lvgd_2765000001_76,BranchTee_mvgd_40_lvgd_2765000001_236,0.004612758341029615,0,ALL
Load_mvgd_40_lvgd_2765000001_77,BranchTee_mvgd_40_lvgd_2765000001_237,0.004612758341029615,0,ALL
Load_mvgd_40_lvgd_2765000001_78,BranchTee_mvgd_40_lvgd_2765000001_238,0.004612758341029615,0,ALL
Load_mvgd_40_lvgd_2765000001_79,BranchTee_mvgd_40_lvgd_2765000001_239,0.004612758341029615,0,ALL
Load_mvgd_40_lvgd_2765000001_80,BranchTee_mvgd_40_lvgd_2765000001_240,0.004612758341029615,0,ALL
Load_mvgd_40_lvgd_2765000001_81,BranchTee_mvgd_40_lvgd_2765000001_241,0.005514091992003462,0,ALL
Load_mvgd_40_lvgd_2765000001_82,BranchTee_mvgd_40_lvgd_2765000001_242,0.004446384576053912,0,ALL
Load_mvgd_40_lvgd_2765000001_83,BranchTee_mvgd_40_lvgd_2765000001_243,0.006625459370236718,0,ALL
Load_mvgd_40_lvgd_2765000001_84,BranchTee_mvgd_40_lvgd_2765000001_244,0.006422073035140368,0,ALL
Load_mvgd_40_lvgd_2765000001_85,BranchTee_mvgd_40_lvgd_2765000001_245,0.009670886452917261,0,ALL
Load_mvgd_40_lvgd_2765000001_86,BranchTee_mvgd_40_lvgd_2765000001_246,0.012088608066146575,0,ALL
Load_mvgd_40_lvgd_2765000001_87,BranchTee_mvgd_40_lvgd_2765000001_247,0.009670886452917261,0,ALL
Load_mvgd_40_lvgd_2765000001_88,BranchTee_mvgd_40_lvgd_2765000001_248,0.012088608066146575,0,ALL
Load_mvgd_40_lvgd_2765000001_89,BranchTee_mvgd_40_lvgd_2765000001_249,0.012088608066146575,0,ALL
Load_mvgd_40_lvgd_2765000001_90,BranchTee_mvgd_40_lvgd_2765000001_250,0.012088608066146575,0,ALL
Load_mvgd_40_lvgd_2765000001_91,BranchTee_mvgd_40_lvgd_2765000001_251,0.009670886452917261,0,ALL
Load_mvgd_40_lvgd_2765000001_92,BranchTee_mvgd_40_lvgd_2765000001_252,0.009670886452917261,0,ALL
Load_mvgd_40_lvgd_2765000001_93,BranchTee_mvgd_40_lvgd_2765000001_253,0.009670886452917261,0,ALL
Load_mvgd_40_lvgd_2765000001_94,BranchTee_mvgd_40_lvgd_2765000001_254,0.012088608066146575,0,ALL
Load_mvgd_40_lvgd_2765000001_95,BranchTee_mvgd_40_lvgd_2765000001_255,0.008634720047247553,0,ALL
Load_mvgd_40_lvgd_2765000001_96,BranchTee_mvgd_40_lvgd_2765000001_256,0.012088608066146575,0,ALL
Load_mvgd_40_lvgd_2765000001_97,BranchTee_mvgd_40_lvgd_2765000001_257,0.005781508205548362,0,ALL
Load_mvgd_40_lvgd_2765000001_98,BranchTee_mvgd_40_lvgd_2765000001_258,0.0072531648396879445,0,ALL
Load_mvgd_40_lvgd_2765000001_99,BranchTee_mvgd_40_lvgd_2765000001_259,0.012088608066146575,0,ALL
Load_mvgd_40_lvgd_2765000001_100,BranchTee_mvgd_40_lvgd_2765000001_260,0.02417721613229315,0,ALL
Load_mvgd_40_lvgd_2765000001_101,BranchTee_mvgd_40_lvgd_2765000001_261,0.00879171495719751,0,ALL
Load_mvgd_40_lvgd_2765000001_102,BranchTee_mvgd_40_lvgd_2765000001_262,0.0069077760377980425,0,ALL
Load_mvgd_40_lvgd_2765000001_103,BranchTee_mvgd_40_lvgd_2765000001_263,0.0056413504308684016,0,ALL
Load_mvgd_40_lvgd_2765000001_104,BranchTee_mvgd_40_lvgd_2765000001_264,0.005554225327688967,0,ALL
Load_mvgd_40_lvgd_2765000001_105,BranchTee_mvgd_40_lvgd_2765000001_265,0.003910320138120102,0,ALL
Load_mvgd_40_lvgd_2765000001_106,BranchTee_mvgd_40_lvgd_2765000001_266,0.00879171495719751,0,ALL
Load_mvgd_40_lvgd_2765000001_107,BranchTee_mvgd_40_lvgd_2765000001_267,0.0056413504308684016,0,ALL
Load_mvgd_40_lvgd_2765000001_108,BranchTee_mvgd_40_lvgd_2765000001_268,0.006332128034648206,0,ALL
Load_mvgd_40_lvgd_2765000001_109,BranchTee_mvgd_40_lvgd_2765000001_269,0.0034538880188990212,0,ALL
Load_mvgd_40_lvgd_2765000001_110,BranchTee_mvgd_40_lvgd_2765000001_270,0.00743914342532097,0,ALL
Load_mvgd_40_lvgd_2765000001_111,BranchTee_mvgd_40_lvgd_2765000001_271,0.0066084390761601275,0,ALL
Load_mvgd_40_lvgd_2765000001_112,BranchTee_mvgd_40_lvgd_2765000001_272,0.006330994509337308,0,ALL
Load_mvgd_40_lvgd_2765000001_113,BranchTee_mvgd_40_lvgd_2765000001_273,0.005792458031695234,0,ALL
Load_mvgd_40_lvgd_2765000001_114,BranchTee_mvgd_40_lvgd_2765000001_274,0.008935058135847468,0,ALL
Load_mvgd_40_lvgd_2765000001_115,BranchTee_mvgd_40_lvgd_2765000001_275,0.00748342404094788,0,ALL
Load_mvgd_40_lvgd_2765000001_116,BranchTee_mvgd_40_lvgd_2765000001_276,0.00879171495719751,0,ALL
Load_mvgd_40_lvgd_2765000001_117,BranchTee_mvgd_40_lvgd_2765000001_277,0.005019574218117437,0,ALL
Load_mvgd_40_lvgd_2765000001_118,BranchTee_mvgd_40_lvgd_2765000001_278,0.006162819798427665,0,ALL
Load_mvgd_40_lvgd_2765000001_119,BranchTee_mvgd_40_lvgd_2765000001_279,0.00748342404094788,0,ALL
Load_mvgd_40_lvgd_2765000001_120,BranchTee_mvgd_40_lvgd_2765000001_280,0.006332128034648206,0,ALL
Load_mvgd_40_lvgd_2765000001_121,BranchTee_mvgd_40_lvgd_2765000001_281,0.0060443040330732875,0,ALL
Load_mvgd_40_lvgd_2765000001_122,BranchTee_mvgd_40_lvgd_2765000001_282,0.00748342404094788,0,ALL
Load_mvgd_40_lvgd_2765000001_123,BranchTee_mvgd_40_lvgd_2765000001_283,0.0027896787844953635,0,ALL
Load_mvgd_40_lvgd_2765000001_124,BranchTee_mvgd_40_lvgd_2765000001_284,0.0064472576352781735,0,ALL
Load_mvgd_40_lvgd_2765000001_125,BranchTee_mvgd_40_lvgd_2765000001_285,0.006332128034648206,0,ALL
Load_mvgd_40_lvgd_2765000001_126,BranchTee_mvgd_40_lvgd_2765000001_286,0.0027896787844953635,0,ALL
Load_mvgd_40_lvgd_2765000001_127,BranchTee_mvgd_40_lvgd_2765000001_287,0.005180832028348532,0,ALL
Load_mvgd_40_lvgd_2765000001_128,BranchTee_mvgd_40_lvgd_2765000001_288,0.0027896787844953635,0,ALL
Load_mvgd_40_lvgd_2765000001_129,BranchTee_mvgd_40_lvgd_2765000001_289,0.007771248042522798,0,ALL
Load_mvgd_40_lvgd_2765000001_130,BranchTee_mvgd_40_lvgd_2765000001_290,0.006330994509337308,0,ALL
Load_mvgd_40_lvgd_2765000001_131,BranchTee_mvgd_40_lvgd_2765000001_291,0.00748342404094788,0,ALL
Load_mvgd_40_lvgd_2765000001_132,BranchTee_mvgd_40_lvgd_2765000001_292,0.005385205695442405,0,ALL
Load_mvgd_40_lvgd_2765000001_133,BranchTee_mvgd_40_lvgd_2765000001_293,0.003910320138120102,0,ALL
Load_mvgd_40_lvgd_2765000001_134,BranchTee_mvgd_40_lvgd_2765000001_294,0.004977662144883884,0,ALL
Load_mvgd_40_lvgd_2765000001_135,BranchTee_mvgd_40_lvgd_2765000001_295,0.0064472576352781735,0,ALL
Load_mvgd_40_lvgd_2765000001_136,BranchTee_mvgd_40_lvgd_2765000001_296,0.0046874194542201,0,ALL
Load_mvgd_40_lvgd_2765000001_137,BranchTee_mvgd_40_lvgd_2765000001_297,0.005781508205548362,0,ALL
Load_mvgd_40_lvgd_2765000001_138,BranchTee_mvgd_40_lvgd_2765000001_298,0.005554225327688967,0,ALL
Load_mvgd_40_lvgd_2765000001_139,BranchTee_mvgd_40_lvgd_2765000001_299,0.007461529243147542,0,ALL
Load_mvgd_40_lvgd_2765000001_140,BranchTee_mvgd_40_lvgd_2765000001_300,0.005446515722109996,0,ALL
Load_mvgd_40_lvgd_2765000001_141,BranchTee_mvgd_40_lvgd_2765000001_301,0.006574494298157974,0,ALL
Load_mvgd_40_lvgd_2765000001_142,BranchTee_mvgd_40_lvgd_2765000001_302,0.005792458031695234,0,ALL
Load_mvgd_40_lvgd_2765000001_143,BranchTee_mvgd_40_lvgd_2765000001_303,0.00748342404094788,0,ALL
Load_mvgd_40_lvgd_2765000001_144,BranchTee_mvgd_40_lvgd_2765000001_304,0.0060443040330732875,0,ALL
Load_mvgd_40_lvgd_2765000001_145,BranchTee_mvgd_40_lvgd_2765000001_305,0.007461529243147542,0,ALL
Load_mvgd_40_lvgd_2765000001_146,BranchTee_mvgd_40_lvgd_2765000001_306,0.00879171495719751,0,ALL
Load_mvgd_40_lvgd_2765000001_147,BranchTee_mvgd_40_lvgd_2765000001_307,0.0053727146960651445,0,ALL
Load_mvgd_40_lvgd_2765000001_148,BranchTee_mvgd_40_lvgd_2765000001_308,0.006332128034648206,0,ALL
Load_mvgd_40_lvgd_2765000001_149,BranchTee_mvgd_40_lvgd_2765000001_309,0.0060443040330732875,0,ALL
Load_mvgd_40_lvgd_2765000001_150,BranchTee_mvgd_40_lvgd_2765000001_310,0.0046874194542201,0,ALL
Load_mvgd_40_lvgd_2765000001_151,BranchTee_mvgd_40_lvgd_2765000001_311,0.004649464640825606,0,ALL
Load_mvgd_40_lvgd_2765000001_152,BranchTee_mvgd_40_lvgd_2765000001_312,0.003786575829951744,0,ALL
Load_mvgd_40_lvgd_2765000001_153,BranchTee_mvgd_40_lvgd_2765000001_313,0.006067203071448254,0,ALL
Load_mvgd_40_lvgd_2765000001_154,BranchTee_mvgd_40_lvgd_2765000001_314,0.012088608066146575,0,ALL
Load_mvgd_40_lvgd_2765000001_155,BranchTee_mvgd_40_lvgd_2765000001_315,0.0027703060151585903,0,ALL
Load_mvgd_40_lvgd_2765000001_156,BranchTee_mvgd_40_lvgd_2765000001_316,0.005045011249628167,0,ALL
Load_mvgd_40_lvgd_2765000001_157,BranchTee_mvgd_40_lvgd_2765000001_317,0.006183181265967845,0,ALL
Load_mvgd_40_lvgd_2765000001_158,BranchTee_mvgd_40_lvgd_2765000001_318,0.006183181265967845,0,ALL
Load_mvgd_40_lvgd_2765000001_159,BranchTee_mvgd_40_lvgd_2765000001_319,0.004976992496280936,0,ALL
Load_mvgd_40_lvgd_2765000001_160,BranchTee_mvgd_40_lvgd_2765000001_320,0.005794469550918892,0,ALL
Load_mvgd_40_lvgd_2765000001_161,BranchTee_mvgd_40_lvgd_2765000001_321,0.0070263423476907335,0,ALL
Load_mvgd_40_lvgd_2765000001_162,BranchTee_mvgd_40_lvgd_2765000001_322,0.0070263423476907335,0,ALL
Load_mvgd_40_lvgd_2765000001_163,BranchTee_mvgd_40_lvgd_2765000001_323,0.0070263423476907335,0,ALL
Load_mvgd_40_lvgd_2765000001_164,BranchTee_mvgd_40_lvgd_2765000001_324,0.014244737646008943,0,ALL
Load_mvgd_40_lvgd_2765000001_165,BranchTee_mvgd_40_lvgd_2765000001_325,0.003716018516350159,0,ALL
Load_mvgd_40_lvgd_2765000001_166,BranchTee_mvgd_40_lvgd_2765000001_326,0.005045011249628167,0,ALL
Load_mvgd_40_lvgd_2765000001_167,BranchTee_mvgd_40_lvgd_2765000001_327,0.005045011249628167,0,ALL
Load_mvgd_40_lvgd_2765000001_168,BranchTee_mvgd_40_lvgd_2765000001_328,0.003716018516350159,0,ALL
Load_mvgd_40_lvgd_2765000001_169,BranchTee_mvgd_40_lvgd_2765000001_329,0.008293387689077588,0,ALL
Load_mvgd_40_lvgd_2765000001_170,BranchTee_mvgd_40_lvgd_2765000001_330,0.0034107118307345353,0,ALL
Load_mvgd_40_lvgd_2765000001_171,BranchTee_mvgd_40_lvgd_2765000001_331,0.0028944554524576306,0,ALL
Load_mvgd_40_lvgd_2765000001_172,BranchTee_mvgd_40_lvgd_2765000001_332,0.003525844019292751,0,ALL
Load_mvgd_40_lvgd_2765000001_173,BranchTee_mvgd_40_lvgd_2765000001_333,0.004684228231793822,0,ALL
Load_mvgd_40_lvgd_2765000001_174,BranchTee_mvgd_40_lvgd_2765000001_334,0.005554225327688967,0,ALL
Load_mvgd_40_lvgd_2765000001_175,BranchTee_mvgd_40_lvgd_2765000001_335,0.0027703060151585903,0,ALL
Load_mvgd_40_lvgd_2765000001_176,BranchTee_mvgd_40_lvgd_2765000001_336,0.0018132912099219861,0,ALL
Load_mvgd_40_lvgd_2765000001_177,BranchTee_mvgd_40_lvgd_2765000001_337,0.012088608066146575,0,ALL
Load_mvgd_40_lvgd_2765000001_178,BranchTee_mvgd_40_lvgd_2765000001_338,0.008220253484979671,0,ALL
Load_mvgd_40_lvgd_2765000001_179,BranchTee_mvgd_40_lvgd_2765000001_339,0.007771248042522798,0,ALL
Load_mvgd_40_lvgd_2765000001_180,BranchTee_mvgd_40_lvgd_2765000001_340,0.005781508205548362,0,ALL
Load_mvgd_40_lvgd_2765000001_181,BranchTee_mvgd_40_lvgd_2765000001_341,0.0035611844115022357,0,ALL
Load_mvgd_40_lvgd_2765000001_182,BranchTee_mvgd_40_lvgd_2765000001_342,0.0036310115568258085,0,ALL
Load_mvgd_40_lvgd_2765000001_183,BranchTee_mvgd_40_lvgd_2765000001_343,0.0035611844115022357,0,ALL
Load_mvgd_40_lvgd_2765000001_184,BranchTee_mvgd_40_lvgd_2765000001_344,0.0035611844115022357,0,ALL
Load_mvgd_40_lvgd_2765000001_185,BranchTee_mvgd_40_lvgd_2765000001_345,0.0036310115568258085,0,ALL
Load_mvgd_40_lvgd_2765000001_186,BranchTee_mvgd_40_lvgd_2765000001_346,0.0036310115568258085,0,ALL
Load_mvgd_40_lvgd_2765000001_187,BranchTee_mvgd_40_lvgd_2765000001_347,0.003716018516350159,0,ALL
Load_mvgd_40_lvgd_2765000001_188,BranchTee_mvgd_40_lvgd_2765000001_348,0.003716018516350159,0,ALL
Load_mvgd_40_lvgd_2765000001_189,BranchTee_mvgd_40_lvgd_2765000001_349,0.0036310115568258085,0,ALL
Load_mvgd_40_lvgd_2765000001_190,BranchTee_mvgd_40_lvgd_2765000001_350,0.0036310115568258085,0,ALL
Load_mvgd_40_lvgd_2765000001_191,BranchTee_mvgd_40_lvgd_2765000001_351,0.005179904598548707,0,ALL
Load_mvgd_40_lvgd_2765000001_192,BranchTee_mvgd_40_lvgd_2765000001_352,0.005200459775527074,0,ALL
Load_mvgd_40_lvgd_2765000001_193,BranchTee_mvgd_40_lvgd_2765000001_353,0.0035611844115022357,0,ALL
Load_mvgd_40_lvgd_2765000001_194,BranchTee_mvgd_40_lvgd_2765000001_354,0.0035611844115022357,0,ALL
Load_mvgd_40_lvgd_2765000001_195,BranchTee_mvgd_40_lvgd_2765000001_355,0.0035611844115022357,0,ALL
Load_mvgd_40_lvgd_2765000001_196,BranchTee_mvgd_40_lvgd_2765000001_356,0.005364901191354018,0,ALL
Load_mvgd_40_lvgd_2765000001_197,BranchTee_mvgd_40_lvgd_2765000001_357,0.006067203071448254,0,ALL
Load_mvgd_40_lvgd_2765000001_198,BranchTee_mvgd_40_lvgd_2765000001_358,0.006067203071448254,0,ALL
Load_mvgd_40_lvgd_2765000001_199,BranchTee_mvgd_40_lvgd_2765000001_359,0.005519835837828466,0,ALL
Load_mvgd_40_lvgd_2765000001_200,BranchTee_mvgd_40_lvgd_2765000001_360,0.006067203071448254,0,ALL
Load_mvgd_40_lvgd_2765000001_201,BranchTee_mvgd_40_lvgd_2765000001_361,0.006067203071448254,0,ALL
Load_mvgd_40_lvgd_2765000001_202,BranchTee_mvgd_40_lvgd_2765000001_362,0.005200459775527074,0,ALL
Load_mvgd_40_lvgd_2765000001_203,BranchTee_mvgd_40_lvgd_2765000001_363,0.005200459775527074,0,ALL
Load_mvgd_40_lvgd_2765000001_204,BranchTee_mvgd_40_lvgd_2765000001_364,0.005821762342281917,0,ALL
Load_mvgd_40_lvgd_2765000001_205,BranchTee_mvgd_40_lvgd_2765000001_365,0.005019574218117437,0,ALL
Load_mvgd_40_lvgd_2765000001_206,BranchTee_mvgd_40_lvgd_2765000001_366,0.005446515722109996,0,ALL
Load_mvgd_40_lvgd_2765000001_207,BranchTee_mvgd_40_lvgd_2765000001_367,0.006330994509337308,0,ALL
Load_mvgd_40_lvgd_2765000001_208,BranchTee_mvgd_40_lvgd_2765000001_368,0.002774434638132001,0,ALL
Load_mvgd_40_lvgd_2765000001_209,BranchTee_mvgd_40_lvgd_2765000001_369,0.005961745022283047,0,ALL
Load_mvgd_40_lvgd_2765000001_210,BranchTee_mvgd_40_lvgd_2765000001_370,0.014052684695381467,0,ALL
Load_mvgd_40_lvgd_2765000001_211,BranchTee_mvgd_40_lvgd_2765000001_371,0.005961745022283047,0,ALL
Load_mvgd_40_lvgd_2765000001_212,BranchTee_mvgd_40_lvgd_2765000001_372,0.0070263423476907335,0,ALL
Load_mvgd_40_lvgd_2765000001_213,BranchTee_mvgd_40_lvgd_2765000001_373,0.007465488744421404,0,ALL
Load_mvgd_40_lvgd_2765000001_214,BranchTee_mvgd_40_lvgd_2765000001_374,0.007465488744421404,0,ALL
Load_mvgd_40_lvgd_2765000001_215,BranchTee_mvgd_40_lvgd_2765000001_375,0.006903073183696159,0,ALL
Load_mvgd_40_lvgd_2765000001_216,BranchTee_mvgd_40_lvgd_2765000001_376,0.006903073183696159,0,ALL
Load_mvgd_40_lvgd_2765000001_217,BranchTee_mvgd_40_lvgd_2765000001_377,0.007465488744421404,0,ALL
Load_mvgd_40_lvgd_2765000001_218,BranchTee_mvgd_40_lvgd_2765000001_378,0.007465488744421404,0,ALL
Load_mvgd_40_lvgd_2765000001_219,BranchTee_mvgd_40_lvgd_2765000001_379,0.0066917546168483175,0,ALL
Load_mvgd_40_lvgd_2765000001_220,BranchTee_mvgd_40_lvgd_2765000001_380,0.0066917546168483175,0,ALL
Load_mvgd_40_lvgd_2765000001_221,BranchTee_mvgd_40_lvgd_2765000001_381,0.0066917546168483175,0,ALL
Load_mvgd_40_lvgd_2765000001_222,BranchTee_mvgd_40_lvgd_2765000001_382,0.0066917546168483175,0,ALL
Load_mvgd_40_lvgd_2765000001_223,BranchTee_mvgd_40_lvgd_2765000001_383,0.005961745022283047,0,ALL
Load_mvgd_40_lvgd_2765000001_224,BranchTee_mvgd_40_lvgd_2765000001_384,0.005961745022283047,0,ALL
Load_mvgd_40_lvgd_2765000001_225,BranchTee_mvgd_40_lvgd_2765000001_385,0.005961745022283047,0,ALL
Load_mvgd_40_lvgd_2765000001_226,BranchTee_mvgd_40_lvgd_2765000001_386,0.0066917546168483175,0,ALL
Load_mvgd_40_lvgd_2765000001_227,BranchTee_mvgd_40_lvgd_2765000001_387,0.009758808816237129,0,ALL
Load_mvgd_40_lvgd_2765000001_228,BranchTee_mvgd_40_lvgd_2765000001_388,0.004684228231793822,0,ALL
Load_mvgd_40_lvgd_2765000001_229,BranchTee_mvgd_40_lvgd_2765000001_389,0.004684228231793822,0,ALL
Load_mvgd_40_lvgd_2765000001_230,BranchTee_mvgd_40_lvgd_2765000001_390,0.004684228231793822,0,ALL
Load_mvgd_40_lvgd_2765000001_231,BranchTee_mvgd_40_lvgd_2765000001_391,0.005961745022283047,0,ALL
Load_mvgd_40_lvgd_2765000001_232,BranchTee_mvgd_40_lvgd_2765000001_392,0.009888926267120292,0,ALL
Load_mvgd_40_lvgd_2765000001_233,BranchTee_mvgd_40_lvgd_2765000001_393,0.014052684695381467,0,ALL
Load_mvgd_40_lvgd_2765000001_234,BranchTee_mvgd_40_lvgd_2765000001_394,0.009758808816237129,0,ALL
Load_mvgd_40_lvgd_2765000001_235,BranchTee_mvgd_40_lvgd_2765000001_395,0.014052684695381467,0,ALL
Load_mvgd_40_lvgd_2765000001_236,BranchTee_mvgd_40_lvgd_2765000001_396,0.014052684695381467,0,ALL
Load_mvgd_40_lvgd_2765000001_237,BranchTee_mvgd_40_lvgd_2765000001_397,0.009758808816237129,0,ALL
Load_mvgd_40_lvgd_2765000001_238,BranchTee_mvgd_40_lvgd_2765000001_398,0.014052684695381467,0,ALL
Load_mvgd_40_lvgd_2765000001_239,BranchTee_mvgd_40_lvgd_2765000001_399,0.014052684695381467,0,ALL
Load_mvgd_40_lvgd_2765000001_240,BranchTee_mvgd_40_lvgd_2765000001_400,0.009134245051997954,0,ALL
Load_mvgd_40_lvgd_2765000001_241,BranchTee_mvgd_40_lvgd_2765000001_401,0.009134245051997954,0,ALL
Load_mvgd_40_lvgd_2765000001_242,BranchTee_mvgd_40_lvgd_2765000001_402,0.009134245051997954,0,ALL
Load_mvgd_40_lvgd_2765000001_243,BranchTee_mvgd_40_lvgd_2765000001_403,0.0067921309361010426,0,ALL
Load_mvgd_40_lvgd_2765000001_244,BranchTee_mvgd_40_lvgd_2765000001_404,0.009134245051997954,0,ALL
Load_mvgd_40_lvgd_2765000001_245,BranchTee_mvgd_40_lvgd_2765000001_405,0.004371946349674234,0,ALL
Load_mvgd_40_lvgd_2765000001_246,BranchTee_mvgd_40_lvgd_2765000001_406,0.004371946349674234,0,ALL
Load_mvgd_40_lvgd_2765000001_247,BranchTee_mvgd_40_lvgd_2765000001_407,0.004371946349674234,0,ALL
Load_mvgd_40_lvgd_2765000001_248,BranchTee_mvgd_40_lvgd_2765000001_408,0.004371946349674234,0,ALL
Load_mvgd_40_lvgd_2765000001_249,BranchTee_mvgd_40_lvgd_2765000001_409,0.003760900287245601,0,ALL
Load_mvgd_40_lvgd_2765000001_250,BranchTee_mvgd_40_lvgd_2765000001_410,0.0021979287392993774,0,ALL
Load_mvgd_40_lvgd_2765000001_251,BranchTee_mvgd_40_lvgd_2765000001_411,0.0038056729097128107,0,ALL
Load_mvgd_40_lvgd_2765000001_252,BranchTee_mvgd_40_lvgd_2765000001_412,0.004977662144883884,0,ALL
Load_mvgd_40_lvgd_2765000001_253,BranchTee_mvgd_40_lvgd_2765000001_413,0.003685551239678834,0,ALL
Load_mvgd_40_lvgd_2765000001_254,BranchTee_mvgd_40_lvgd_2765000001_414,0.0027703060151585903,0,ALL
Load_mvgd_40_lvgd_2765000001_255,BranchTee_mvgd_40_lvgd_2765000001_415,0.0027703060151585903,0,ALL
Load_mvgd_40_lvgd_2765000001_256,BranchTee_mvgd_40_lvgd_2765000001_416,0.0027703060151585903,0,ALL
Load_mvgd_40_lvgd_2765000001_257,BranchTee_mvgd_40_lvgd_2765000001_417,0.003685551239678834,0,ALL
Load_mvgd_40_lvgd_2765000001_258,BranchTee_mvgd_40_lvgd_2765000001_418,0.019735337646008943,0,ALL
Load_mvgd_40_lvgd_2765000001_259,BranchTee_mvgd_40_lvgd_2765000001_419,0.017579208066146573,0,ALL
Load_mvgd_40_lvgd_2765000002_1,BranchTee_mvgd_40_lvgd_2765000002_80,0.008309380000000002,0,ALL
Load_mvgd_40_lvgd_2765000002_2,BranchTee_mvgd_40_lvgd_2765000002_81,0.002769793333333333,0,ALL
Load_mvgd_40_lvgd_2765000002_3,BranchTee_mvgd_40_lvgd_2765000002_82,0.002769793333333333,0,ALL
Load_mvgd_40_lvgd_2765000002_4,BranchTee_mvgd_40_lvgd_2765000002_83,0.0036561272000000004,0,ALL
Load_mvgd_40_lvgd_2765000002_5,BranchTee_mvgd_40_lvgd_2765000002_84,0.0029676357142857145,0,ALL
Load_mvgd_40_lvgd_2765000002_6,BranchTee_mvgd_40_lvgd_2765000002_85,0.002769793333333333,0,ALL
Load_mvgd_40_lvgd_2765000002_7,BranchTee_mvgd_40_lvgd_2765000002_86,0.008309380000000002,0,ALL
Load_mvgd_40_lvgd_2765000002_8,BranchTee_mvgd_40_lvgd_2765000002_87,0.002769793333333333,0,ALL
Load_mvgd_40_lvgd_2765000002_9,BranchTee_mvgd_40_lvgd_2765000002_88,0.0015107963636363639,0,ALL
Load_mvgd_40_lvgd_2765000002_10,BranchTee_mvgd_40_lvgd_2765000002_89,0.008309380000000002,0,ALL
Load_mvgd_40_lvgd_2765000002_11,BranchTee_mvgd_40_lvgd_2765000002_90,0.002769793333333333,0,ALL
Load_mvgd_40_lvgd_2765000002_12,BranchTee_mvgd_40_lvgd_2765000002_91,0.0029676357142857145,0,ALL
Load_mvgd_40_lvgd_2765000002_13,BranchTee_mvgd_40_lvgd_2765000002_92,0.0030613505263157896,0,ALL
Load_mvgd_40_lvgd_2765000002_14,BranchTee_mvgd_40_lvgd_2765000002_93,0.004532389090909091,0,ALL
Load_mvgd_40_lvgd_2765000002_15,BranchTee_mvgd_40_lvgd_2765000002_94,0.0030613505263157896,0,ALL
Load_mvgd_40_lvgd_2765000002_16,BranchTee_mvgd_40_lvgd_2765000002_95,0.004532389090909091,0,ALL
Load_mvgd_40_lvgd_2765000002_17,BranchTee_mvgd_40_lvgd_2765000002_96,0.004154690000000001,0,ALL
Load_mvgd_40_lvgd_2765000002_18,BranchTee_mvgd_40_lvgd_2765000002_97,0.002769793333333333,0,ALL
Load_mvgd_40_lvgd_2765000002_19,BranchTee_mvgd_40_lvgd_2765000002_98,0.0033237520000000006,0,ALL
Load_mvgd_40_lvgd_2765000002_20,BranchTee_mvgd_40_lvgd_2765000002_99,0.008828716250000002,0,ALL
Load_mvgd_40_lvgd_2765000002_21,BranchTee_mvgd_40_lvgd_2765000002_100,0.04722679479999999,0,ALL
Load_mvgd_40_lvgd_2765000002_22,BranchTee_mvgd_40_lvgd_2765000002_101,0.002769793333333333,0,ALL
Load_mvgd_40_lvgd_2765000002_23,BranchTee_mvgd_40_lvgd_2765000002_102,0.0020773450000000004,0,ALL
Load_mvgd_40_lvgd_2765000002_24,BranchTee_mvgd_40_lvgd_2765000002_103,0.0021443561290322584,0,ALL
Load_mvgd_40_lvgd_2765000002_25,BranchTee_mvgd_40_lvgd_2765000002_104,0.002769793333333333,0,ALL
Load_mvgd_40_lvgd_2765000002_26,BranchTee_mvgd_40_lvgd_2765000002_105,0.0015107963636363639,0,ALL
Load_mvgd_40_lvgd_2765000002_27,BranchTee_mvgd_40_lvgd_2765000002_106,0.0029676357142857145,0,ALL
Load_mvgd_40_lvgd_2765000002_28,BranchTee_mvgd_40_lvgd_2765000002_107,0.0015107963636363639,0,ALL
Load_mvgd_40_lvgd_2765000002_29,BranchTee_mvgd_40_lvgd_2765000002_108,0.0020773450000000004,0,ALL
Load_mvgd_40_lvgd_2765000002_30,BranchTee_mvgd_40_lvgd_2765000002_109,0.06211529019999999,0,ALL
Load_mvgd_40_lvgd_2765000002_31,BranchTee_mvgd_40_lvgd_2765000002_110,0.0021443561290322584,0,ALL
Load_mvgd_40_lvgd_2765000002_32,BranchTee_mvgd_40_lvgd_2765000002_111,0.004532389090909091,0,ALL
Load_mvgd_40_lvgd_2765000002_33,BranchTee_mvgd_40_lvgd_2765000002_112,0.03193332223333333,0,ALL
Load_mvgd_40_lvgd_2765000002_34,BranchTee_mvgd_40_lvgd_2765000002_113,0.002332457543859649,0,ALL
Load_mvgd_40_lvgd_2765000002_35,BranchTee_mvgd_40_lvgd_2765000002_114,0.002769793333333333,0,ALL
Load_mvgd_40_lvgd_2765000002_36,BranchTee_mvgd_40_lvgd_2765000002_115,0.008309380000000002,0,ALL
Load_mvgd_40_lvgd_2765000002_37,BranchTee_mvgd_40_lvgd_2765000002_116,0.006711422307692309,0,ALL
Load_mvgd_40_lvgd_2765000002_38,BranchTee_mvgd_40_lvgd_2765000002_117,0.0033237520000000006,0,ALL
Load_mvgd_40_lvgd_2765000002_39,BranchTee_mvgd_40_lvgd_2765000002_118,0.004532389090909091,0,ALL
Load_mvgd_40_lvgd_2765000002_40,BranchTee_mvgd_40_lvgd_2765000002_119,0.0070310138461538475,0,ALL
Load_mvgd_40_lvgd_2765000002_41,BranchTee_mvgd_40_lvgd_2765000002_120,0.008828716250000002,0,ALL
Load_mvgd_40_lvgd_2765000002_42,BranchTee_mvgd_40_lvgd_2765000002_121,0.002769793333333333,0,ALL
Load_mvgd_40_lvgd_2765000002_43,BranchTee_mvgd_40_lvgd_2765000002_122,0.0021443561290322584,0,ALL
Load_mvgd_40_lvgd_2765000002_44,BranchTee_mvgd_40_lvgd_2765000002_123,0.008309380000000002,0,ALL
Load_mvgd_40_lvgd_2765000002_45,BranchTee_mvgd_40_lvgd_2765000002_124,0.0030613505263157896,0,ALL
Load_mvgd_40_lvgd_2765000002_46,BranchTee_mvgd_40_lvgd_2765000002_125,0.0014326517241379313,0,ALL
Load_mvgd_40_lvgd_2765000002_47,BranchTee_mvgd_40_lvgd_2765000002_126,0.004532389090909091,0,ALL
Load_mvgd_40_lvgd_2765000002_48,BranchTee_mvgd_40_lvgd_2765000002_127,0.0015107963636363639,0,ALL
Load_mvgd_40_lvgd_2765000002_49,BranchTee_mvgd_40_lvgd_2765000002_128,0.0014326517241379313,0,ALL
Load_mvgd_40_lvgd_2765000002_50,BranchTee_mvgd_40_lvgd_2765000002_129,0.002556732307692308,0,ALL
Load_mvgd_40_lvgd_2765000002_51,BranchTee_mvgd_40_lvgd_2765000002_130,0.00851549537632,0,ALL
Load_mvgd_40_lvgd_2765000002_52,BranchTee_mvgd_40_lvgd_2765000002_131,0.0036561272000000004,0,ALL
Load_mvgd_40_lvgd_2765000002_53,BranchTee_mvgd_40_lvgd_2765000002_132,0.004532389090909091,0,ALL
Load_mvgd_40_lvgd_2765000002_54,BranchTee_mvgd_40_lvgd_2765000002_133,0.004532389090909091,0,ALL
Load_mvgd_40_lvgd_2765000002_55,BranchTee_mvgd_40_lvgd_2765000002_134,0.0019784238095238095,0,ALL
Load_mvgd_40_lvgd_2765000002_56,BranchTee_mvgd_40_lvgd_2765000002_135,0.0021443561290322584,0,ALL
Load_mvgd_40_lvgd_2765000002_57,BranchTee_mvgd_40_lvgd_2765000002_136,0.0026590016000000005,0,ALL
Load_mvgd_40_lvgd_2765000002_58,BranchTee_mvgd_40_lvgd_2765000002_137,0.0021443561290322584,0,ALL
Load_mvgd_40_lvgd_2765000002_59,BranchTee_mvgd_40_lvgd_2765000002_138,0.0021443561290322584,0,ALL
Load_mvgd_40_lvgd_2765000002_60,BranchTee_mvgd_40_lvgd_2765000002_139,0.0021443561290322584,0,ALL
Load_mvgd_40_lvgd_2765000002_61,BranchTee_mvgd_40_lvgd_2765000002_140,0.0031959153846153852,0,ALL
Load_mvgd_40_lvgd_2765000002_62,BranchTee_mvgd_40_lvgd_2765000002_141,0.0031959153846153852,0,ALL
Load_mvgd_40_lvgd_2765000002_63,BranchTee_mvgd_40_lvgd_2765000002_142,0.008309380000000002,0,ALL
Load_mvgd_40_lvgd_2765000002_64,BranchTee_mvgd_40_lvgd_2765000002_143,0.0013848966666666666,0,ALL
Load_mvgd_40_lvgd_2765000002_65,BranchTee_mvgd_40_lvgd_2765000002_144,0.0014326517241379313,0,ALL
Load_mvgd_40_lvgd_2765000002_66,BranchTee_mvgd_40_lvgd_2765000002_145,0.0013848966666666666,0,ALL
Load_mvgd_40_lvgd_2765000002_67,BranchTee_mvgd_40_lvgd_2765000002_146,0.0014326517241379313,0,ALL
Load_mvgd_40_lvgd_2765000002_68,BranchTee_mvgd_40_lvgd_2765000002_147,0.005466697368421054,0,ALL
Load_mvgd_40_lvgd_2765000002_69,BranchTee_mvgd_40_lvgd_2765000002_148,0.005935271428571429,0,ALL
Load_mvgd_40_lvgd_2765000002_70,BranchTee_mvgd_40_lvgd_2765000002_149,0.0030215927272727277,0,ALL
Load_mvgd_40_lvgd_2765000002_71,BranchTee_mvgd_40_lvgd_2765000002_150,0.005466697368421054,0,ALL
Load_mvgd_40_lvgd_2765000002_72,BranchTee_mvgd_40_lvgd_2765000002_151,0.005466697368421054,0,ALL
Load_mvgd_40_lvgd_2765000002_73,BranchTee_mvgd_40_lvgd_2765000002_152,0.0036561272000000004,0,ALL
Load_mvgd_40_lvgd_2765000002_74,BranchTee_mvgd_40_lvgd_2765000002_153,0.0029676357142857145,0,ALL
Load_mvgd_40_lvgd_2765000002_75,BranchTee_mvgd_40_lvgd_2765000002_154,0.0029791255342857146,0,ALL
Load_mvgd_40_lvgd_2765000002_76,BranchTee_mvgd_40_lvgd_2765000002_155,0.008828716250000002,0,ALL
Load_mvgd_40_lvgd_2765000002_77,BranchTee_mvgd_40_lvgd_2765000002_156,0.0033237520000000006,0,ALL
Load_mvgd_40_lvgd_2765000002_78,BranchTee_mvgd_40_lvgd_2765000002_157,0.00600121888888889,0,ALL
Load_mvgd_40_lvgd_2765000002_79,BranchTee_mvgd_40_lvgd_2765000002_158,0.005935271428571429,0,ALL
Load_mvgd_40_lvgd_2765000002_80,BranchTee_mvgd_40_lvgd_2765000002_159,0.005935271428571429,0,ALL
Load_mvgd_40_lvgd_2765000002_81,BranchTee_mvgd_40_lvgd_2765000002_160,0.005935271428571429,0,ALL
Load_mvgd_40_lvgd_2765000002_82,BranchTee_mvgd_40_lvgd_2765000002_161,0.0049460595238095244,0,ALL
Load_mvgd_40_lvgd_2765000002_83,BranchTee_mvgd_40_lvgd_2765000002_162,0.008309380000000002,0,ALL
Load_mvgd_40_lvgd_2765000002_84,BranchTee_mvgd_40_lvgd_2765000002_163,0.008309380000000002,0,ALL
Load_mvgd_40_lvgd_2765000002_85,BranchTee_mvgd_40_lvgd_2765000002_164,0.008309380000000002,0,ALL
Load_mvgd_40_lvgd_2765000002_86,BranchTee_mvgd_40_lvgd_2765000002_165,0.001846528888888889,0,ALL
Load_mvgd_40_lvgd_2765000002_87,BranchTee_mvgd_40_lvgd_2765000002_166,0.001846528888888889,0,ALL
Load_mvgd_40_lvgd_2765000002_88,BranchTee_mvgd_40_lvgd_2765000002_167,0.003974051304347827,0,ALL
Load_mvgd_40_lvgd_2765000002_89,BranchTee_mvgd_40_lvgd_2765000002_168,0.015353114173333331,0,ALL
Load_mvgd_40_lvgd_2765000002_90,BranchTee_mvgd_40_lvgd_2765000002_169,0.02373631443888889,0,ALL
Load_mvgd_40_lvgd_2765000002_91,BranchTee_mvgd_40_lvgd_2765000002_170,0.1087706764,0,ALL
